model,point_index,fpr,tpr,roc_auc
isolation_forest,0,0.0,0.0,0.44571597633136095
isolation_forest,1,0.0015384615384615385,0.0,0.44571597633136095
isolation_forest,2,0.021538461538461538,0.0,0.44571597633136095
isolation_forest,3,0.036923076923076927,0.0,0.44571597633136095
isolation_forest,4,0.04153846153846154,0.0,0.44571597633136095
isolation_forest,5,0.046153846153846156,0.0,0.44571597633136095
isolation_forest,6,0.05692307692307692,0.0,0.44571597633136095
isolation_forest,7,0.06,0.0,0.44571597633136095
isolation_forest,8,0.06461538461538462,0.0,0.44571597633136095
isolation_forest,9,0.06769230769230769,0.0,0.44571597633136095
isolation_forest,10,0.07230769230769231,0.0,0.44571597633136095
isolation_forest,11,0.07692307692307693,0.0,0.44571597633136095
isolation_forest,12,0.08,0.0,0.44571597633136095
isolation_forest,13,0.0876923076923077,0.0,0.44571597633136095
isolation_forest,14,0.09076923076923077,0.0,0.44571597633136095
isolation_forest,15,0.09692307692307692,0.0,0.44571597633136095
isolation_forest,16,0.10615384615384615,0.0,0.44571597633136095
isolation_forest,17,0.1123076923076923,0.0,0.44571597633136095
isolation_forest,18,0.11692307692307692,0.0,0.44571597633136095
isolation_forest,19,0.1276923076923077,0.0,0.44571597633136095
isolation_forest,20,0.13076923076923078,0.0,0.44571597633136095
isolation_forest,21,0.13692307692307693,0.0,0.44571597633136095
isolation_forest,22,0.14,0.0,0.44571597633136095
isolation_forest,23,0.14461538461538462,0.0,0.44571597633136095
isolation_forest,24,0.14923076923076922,0.0,0.44571597633136095
isolation_forest,25,0.15538461538461537,0.0,0.44571597633136095
isolation_forest,26,0.16153846153846155,0.0,0.44571597633136095
isolation_forest,27,0.1646153846153846,0.0,0.44571597633136095
isolation_forest,28,0.1676923076923077,0.0,0.44571597633136095
isolation_forest,29,0.1723076923076923,0.0,0.44571597633136095
isolation_forest,30,0.17846153846153845,0.0,0.44571597633136095
isolation_forest,31,0.18461538461538463,0.0,0.44571597633136095
isolation_forest,32,0.19230769230769232,0.0,0.44571597633136095
isolation_forest,33,0.19384615384615383,0.0,0.44571597633136095
isolation_forest,34,0.19692307692307692,0.0,0.44571597633136095
isolation_forest,35,0.2,0.0,0.44571597633136095
isolation_forest,36,0.20307692307692307,0.0,0.44571597633136095
isolation_forest,37,0.20461538461538462,0.0,0.44571597633136095
isolation_forest,38,0.20461538461538462,0.0038461538461538464,0.44571597633136095
isolation_forest,39,0.2076923076923077,0.0038461538461538464,0.44571597633136095
isolation_forest,40,0.22153846153846155,0.0038461538461538464,0.44571597633136095
isolation_forest,41,0.2230769230769231,0.0038461538461538464,0.44571597633136095
isolation_forest,42,0.2230769230769231,0.007692307692307693,0.44571597633136095
isolation_forest,43,0.22615384615384615,0.007692307692307693,0.44571597633136095
isolation_forest,44,0.22615384615384615,0.011538461538461539,0.44571597633136095
isolation_forest,45,0.22923076923076924,0.011538461538461539,0.44571597633136095
isolation_forest,46,0.23384615384615384,0.011538461538461539,0.44571597633136095
isolation_forest,47,0.2692307692307692,0.011538461538461539,0.44571597633136095
isolation_forest,48,0.27076923076923076,0.011538461538461539,0.44571597633136095
isolation_forest,49,0.2784615384615385,0.011538461538461539,0.44571597633136095
isolation_forest,50,0.2815384615384615,0.011538461538461539,0.44571597633136095
isolation_forest,51,0.28307692307692306,0.011538461538461539,0.44571597633136095
isolation_forest,52,0.28307692307692306,0.015384615384615385,0.44571597633136095
isolation_forest,53,0.2846153846153846,0.015384615384615385,0.44571597633136095
isolation_forest,54,0.2846153846153846,0.019230769230769232,0.44571597633136095
isolation_forest,55,0.28615384615384615,0.019230769230769232,0.44571597633136095
isolation_forest,56,0.28923076923076924,0.019230769230769232,0.44571597633136095
isolation_forest,57,0.2907692307692308,0.019230769230769232,0.44571597633136095
isolation_forest,58,0.2953846153846154,0.019230769230769232,0.44571597633136095
isolation_forest,59,0.30153846153846153,0.019230769230769232,0.44571597633136095
isolation_forest,60,0.30153846153846153,0.023076923076923078,0.44571597633136095
isolation_forest,61,0.3030769230769231,0.023076923076923078,0.44571597633136095
isolation_forest,62,0.30923076923076925,0.023076923076923078,0.44571597633136095
isolation_forest,63,0.30923076923076925,0.026923076923076925,0.44571597633136095
isolation_forest,64,0.31384615384615383,0.026923076923076925,0.44571597633136095
isolation_forest,65,0.3153846153846154,0.026923076923076925,0.44571597633136095
isolation_forest,66,0.31846153846153846,0.026923076923076925,0.44571597633136095
isolation_forest,67,0.32461538461538464,0.026923076923076925,0.44571597633136095
isolation_forest,68,0.32769230769230767,0.026923076923076925,0.44571597633136095
isolation_forest,69,0.32769230769230767,0.03461538461538462,0.44571597633136095
isolation_forest,70,0.3292307692307692,0.03461538461538462,0.44571597633136095
isolation_forest,71,0.34307692307692306,0.03461538461538462,0.44571597633136095
isolation_forest,72,0.3446153846153846,0.03461538461538462,0.44571597633136095
isolation_forest,73,0.3446153846153846,0.038461538461538464,0.44571597633136095
isolation_forest,74,0.34615384615384615,0.038461538461538464,0.44571597633136095
isolation_forest,75,0.3507692307692308,0.038461538461538464,0.44571597633136095
isolation_forest,76,0.35384615384615387,0.038461538461538464,0.44571597633136095
isolation_forest,77,0.35384615384615387,0.04230769230769231,0.44571597633136095
isolation_forest,78,0.3553846153846154,0.04230769230769231,0.44571597633136095
isolation_forest,79,0.3553846153846154,0.05,0.44571597633136095
isolation_forest,80,0.35846153846153844,0.05,0.44571597633136095
isolation_forest,81,0.36153846153846153,0.05,0.44571597633136095
isolation_forest,82,0.3646153846153846,0.05,0.44571597633136095
isolation_forest,83,0.36615384615384616,0.05,0.44571597633136095
isolation_forest,84,0.36923076923076925,0.05,0.44571597633136095
isolation_forest,85,0.3769230769230769,0.05,0.44571597633136095
isolation_forest,86,0.3830769230769231,0.05,0.44571597633136095
isolation_forest,87,0.38461538461538464,0.05,0.44571597633136095
isolation_forest,88,0.38461538461538464,0.05384615384615385,0.44571597633136095
isolation_forest,89,0.38461538461538464,0.06923076923076923,0.44571597633136095
isolation_forest,90,0.38461538461538464,0.07692307692307693,0.44571597633136095
isolation_forest,91,0.3861538461538462,0.07692307692307693,0.44571597633136095
isolation_forest,92,0.3861538461538462,0.08461538461538462,0.44571597633136095
isolation_forest,93,0.39076923076923076,0.08461538461538462,0.44571597633136095
isolation_forest,94,0.39076923076923076,0.1,0.44571597633136095
isolation_forest,95,0.3923076923076923,0.1,0.44571597633136095
isolation_forest,96,0.3923076923076923,0.1076923076923077,0.44571597633136095
isolation_forest,97,0.3984615384615385,0.1076923076923077,0.44571597633136095
isolation_forest,98,0.40307692307692305,0.1076923076923077,0.44571597633136095
isolation_forest,99,0.40307692307692305,0.11538461538461539,0.44571597633136095
isolation_forest,100,0.40307692307692305,0.11923076923076924,0.44571597633136095
isolation_forest,101,0.4046153846153846,0.11923076923076924,0.44571597633136095
isolation_forest,102,0.4046153846153846,0.12307692307692308,0.44571597633136095
isolation_forest,103,0.4046153846153846,0.13076923076923078,0.44571597633136095
isolation_forest,104,0.4076923076923077,0.13076923076923078,0.44571597633136095
isolation_forest,105,0.4076923076923077,0.13846153846153847,0.44571597633136095
isolation_forest,106,0.40923076923076923,0.13846153846153847,0.44571597633136095
isolation_forest,107,0.41846153846153844,0.13846153846153847,0.44571597633136095
isolation_forest,108,0.41846153846153844,0.14615384615384616,0.44571597633136095
isolation_forest,109,0.42615384615384616,0.14615384615384616,0.44571597633136095
isolation_forest,110,0.4276923076923077,0.14615384615384616,0.44571597633136095
isolation_forest,111,0.4276923076923077,0.15,0.44571597633136095
isolation_forest,112,0.4276923076923077,0.1576923076923077,0.44571597633136095
isolation_forest,113,0.4276923076923077,0.16153846153846155,0.44571597633136095
isolation_forest,114,0.4276923076923077,0.17307692307692307,0.44571597633136095
isolation_forest,115,0.4323076923076923,0.17307692307692307,0.44571597633136095
isolation_forest,116,0.44153846153846155,0.17307692307692307,0.44571597633136095
isolation_forest,117,0.44153846153846155,0.18076923076923077,0.44571597633136095
isolation_forest,118,0.4430769230769231,0.18076923076923077,0.44571597633136095
isolation_forest,119,0.4461538461538462,0.18076923076923077,0.44571597633136095
isolation_forest,120,0.4461538461538462,0.18461538461538463,0.44571597633136095
isolation_forest,121,0.4461538461538462,0.2076923076923077,0.44571597633136095
isolation_forest,122,0.44769230769230767,0.2076923076923077,0.44571597633136095
isolation_forest,123,0.44769230769230767,0.22692307692307692,0.44571597633136095
isolation_forest,124,0.45384615384615384,0.22692307692307692,0.44571597633136095
isolation_forest,125,0.46153846153846156,0.22692307692307692,0.44571597633136095
isolation_forest,126,0.4646153846153846,0.22692307692307692,0.44571597633136095
isolation_forest,127,0.4646153846153846,0.23076923076923078,0.44571597633136095
isolation_forest,128,0.46615384615384614,0.23076923076923078,0.44571597633136095
isolation_forest,129,0.46615384615384614,0.24615384615384617,0.44571597633136095
isolation_forest,130,0.46615384615384614,0.25384615384615383,0.44571597633136095
isolation_forest,131,0.46615384615384614,0.28076923076923077,0.44571597633136095
isolation_forest,132,0.46615384615384614,0.28846153846153844,0.44571597633136095
isolation_forest,133,0.4707692307692308,0.28846153846153844,0.44571597633136095
isolation_forest,134,0.4723076923076923,0.28846153846153844,0.44571597633136095
isolation_forest,135,0.4723076923076923,0.3,0.44571597633136095
isolation_forest,136,0.4753846153846154,0.3,0.44571597633136095
isolation_forest,137,0.47692307692307695,0.3,0.44571597633136095
isolation_forest,138,0.49538461538461537,0.3,0.44571597633136095
isolation_forest,139,0.5015384615384615,0.3,0.44571597633136095
isolation_forest,140,0.5061538461538462,0.3,0.44571597633136095
isolation_forest,141,0.5061538461538462,0.3076923076923077,0.44571597633136095
isolation_forest,142,0.5076923076923077,0.3076923076923077,0.44571597633136095
isolation_forest,143,0.5076923076923077,0.3346153846153846,0.44571597633136095
isolation_forest,144,0.5138461538461538,0.3346153846153846,0.44571597633136095
isolation_forest,145,0.5153846153846153,0.3346153846153846,0.44571597633136095
isolation_forest,146,0.5215384615384615,0.3346153846153846,0.44571597633136095
isolation_forest,147,0.5261538461538462,0.3346153846153846,0.44571597633136095
isolation_forest,148,0.5261538461538462,0.3423076923076923,0.44571597633136095
isolation_forest,149,0.5415384615384615,0.3423076923076923,0.44571597633136095
isolation_forest,150,0.5430769230769231,0.3423076923076923,0.44571597633136095
isolation_forest,151,0.5430769230769231,0.35384615384615387,0.44571597633136095
isolation_forest,152,0.5461538461538461,0.35384615384615387,0.44571597633136095
isolation_forest,153,0.5492307692307692,0.35384615384615387,0.44571597633136095
isolation_forest,154,0.5492307692307692,0.36153846153846153,0.44571597633136095
isolation_forest,155,0.5538461538461539,0.36153846153846153,0.44571597633136095
isolation_forest,156,0.5553846153846154,0.36153846153846153,0.44571597633136095
isolation_forest,157,0.5553846153846154,0.38461538461538464,0.44571597633136095
isolation_forest,158,0.556923076923077,0.38461538461538464,0.44571597633136095
isolation_forest,159,0.56,0.38461538461538464,0.44571597633136095
isolation_forest,160,0.56,0.39615384615384613,0.44571597633136095
isolation_forest,161,0.563076923076923,0.39615384615384613,0.44571597633136095
isolation_forest,162,0.563076923076923,0.4230769230769231,0.44571597633136095
isolation_forest,163,0.563076923076923,0.4423076923076923,0.44571597633136095
isolation_forest,164,0.5676923076923077,0.4423076923076923,0.44571597633136095
isolation_forest,165,0.5707692307692308,0.4423076923076923,0.44571597633136095
isolation_forest,166,0.5753846153846154,0.4423076923076923,0.44571597633136095
isolation_forest,167,0.5861538461538461,0.4423076923076923,0.44571597633136095
isolation_forest,168,0.6015384615384616,0.4423076923076923,0.44571597633136095
isolation_forest,169,0.6046153846153847,0.4423076923076923,0.44571597633136095
isolation_forest,170,0.6153846153846154,0.4423076923076923,0.44571597633136095
isolation_forest,171,0.6153846153846154,0.47307692307692306,0.44571597633136095
isolation_forest,172,0.6153846153846154,0.5230769230769231,0.44571597633136095
isolation_forest,173,0.6153846153846154,0.5653846153846154,0.44571597633136095
isolation_forest,174,0.6153846153846154,0.5692307692307692,0.44571597633136095
isolation_forest,175,0.6153846153846154,0.6269230769230769,0.44571597633136095
isolation_forest,176,0.62,0.6269230769230769,0.44571597633136095
isolation_forest,177,0.6230769230769231,0.6269230769230769,0.44571597633136095
isolation_forest,178,0.6261538461538462,0.6269230769230769,0.44571597633136095
isolation_forest,179,0.6292307692307693,0.6269230769230769,0.44571597633136095
isolation_forest,180,0.6338461538461538,0.6269230769230769,0.44571597633136095
isolation_forest,181,0.6338461538461538,0.6307692307692307,0.44571597633136095
isolation_forest,182,0.6353846153846154,0.6307692307692307,0.44571597633136095
isolation_forest,183,0.6353846153846154,0.7076923076923077,0.44571597633136095
isolation_forest,184,0.6369230769230769,0.7076923076923077,0.44571597633136095
isolation_forest,185,0.64,0.7076923076923077,0.44571597633136095
isolation_forest,186,0.64,0.7653846153846153,0.44571597633136095
isolation_forest,187,0.64,0.8076923076923077,0.44571597633136095
isolation_forest,188,0.64,0.8692307692307693,0.44571597633136095
isolation_forest,189,0.6476923076923077,0.8692307692307693,0.44571597633136095
isolation_forest,190,0.6507692307692308,0.8692307692307693,0.44571597633136095
isolation_forest,191,0.6507692307692308,0.9230769230769231,0.44571597633136095
isolation_forest,192,0.6569230769230769,0.9230769230769231,0.44571597633136095
isolation_forest,193,0.6615384615384615,0.9230769230769231,0.44571597633136095
isolation_forest,194,0.6615384615384615,1.0,0.44571597633136095
isolation_forest,195,0.6630769230769231,1.0,0.44571597633136095
isolation_forest,196,0.6723076923076923,1.0,0.44571597633136095
isolation_forest,197,0.6815384615384615,1.0,0.44571597633136095
isolation_forest,198,0.683076923076923,1.0,0.44571597633136095
isolation_forest,199,0.6923076923076923,1.0,0.44571597633136095
isolation_forest,200,0.6938461538461539,1.0,0.44571597633136095
isolation_forest,201,0.696923076923077,1.0,0.44571597633136095
isolation_forest,202,0.7015384615384616,1.0,0.44571597633136095
isolation_forest,203,0.7046153846153846,1.0,0.44571597633136095
isolation_forest,204,0.7138461538461538,1.0,0.44571597633136095
isolation_forest,205,0.7169230769230769,1.0,0.44571597633136095
isolation_forest,206,0.7261538461538461,1.0,0.44571597633136095
isolation_forest,207,0.7323076923076923,1.0,0.44571597633136095
isolation_forest,208,0.7353846153846154,1.0,0.44571597633136095
isolation_forest,209,0.7384615384615385,1.0,0.44571597633136095
isolation_forest,210,0.7476923076923077,1.0,0.44571597633136095
isolation_forest,211,0.7523076923076923,1.0,0.44571597633136095
isolation_forest,212,0.7538461538461538,1.0,0.44571597633136095
isolation_forest,213,0.7569230769230769,1.0,0.44571597633136095
isolation_forest,214,0.7584615384615384,1.0,0.44571597633136095
isolation_forest,215,0.7646153846153846,1.0,0.44571597633136095
isolation_forest,216,0.7738461538461539,1.0,0.44571597633136095
isolation_forest,217,0.7769230769230769,1.0,0.44571597633136095
isolation_forest,218,0.7861538461538462,1.0,0.44571597633136095
isolation_forest,219,0.7907692307692308,1.0,0.44571597633136095
isolation_forest,220,0.796923076923077,1.0,0.44571597633136095
isolation_forest,221,0.8046153846153846,1.0,0.44571597633136095
isolation_forest,222,0.8061538461538461,1.0,0.44571597633136095
isolation_forest,223,0.8215384615384616,1.0,0.44571597633136095
isolation_forest,224,0.823076923076923,1.0,0.44571597633136095
isolation_forest,225,0.8276923076923077,1.0,0.44571597633136095
isolation_forest,226,0.8384615384615385,1.0,0.44571597633136095
isolation_forest,227,0.8569230769230769,1.0,0.44571597633136095
isolation_forest,228,0.86,1.0,0.44571597633136095
isolation_forest,229,0.8615384615384616,1.0,0.44571597633136095
isolation_forest,230,0.8692307692307693,1.0,0.44571597633136095
isolation_forest,231,0.8723076923076923,1.0,0.44571597633136095
isolation_forest,232,0.8769230769230769,1.0,0.44571597633136095
isolation_forest,233,0.8846153846153846,1.0,0.44571597633136095
isolation_forest,234,0.8907692307692308,1.0,0.44571597633136095
isolation_forest,235,0.8938461538461538,1.0,0.44571597633136095
isolation_forest,236,0.9061538461538462,1.0,0.44571597633136095
isolation_forest,237,0.9092307692307692,1.0,0.44571597633136095
isolation_forest,238,0.92,1.0,0.44571597633136095
isolation_forest,239,0.9230769230769231,1.0,0.44571597633136095
isolation_forest,240,0.9323076923076923,1.0,0.44571597633136095
isolation_forest,241,0.9446153846153846,1.0,0.44571597633136095
isolation_forest,242,0.9538461538461539,1.0,0.44571597633136095
isolation_forest,243,0.9584615384615385,1.0,0.44571597633136095
isolation_forest,244,0.9676923076923077,1.0,0.44571597633136095
isolation_forest,245,0.9723076923076923,1.0,0.44571597633136095
isolation_forest,246,0.9784615384615385,1.0,0.44571597633136095
isolation_forest,247,1.0,1.0,0.44571597633136095
lof,0,0.0,0.0,0.9969644970414201
lof,1,0.0,0.0038461538461538464,0.9969644970414201
lof,2,0.0,0.011538461538461539,0.9969644970414201
lof,3,0.0,0.026923076923076925,0.9969644970414201
lof,4,0.0,0.03076923076923077,0.9969644970414201
lof,5,0.0,0.046153846153846156,0.9969644970414201
lof,6,0.0,0.12692307692307692,0.9969644970414201
lof,7,0.0,0.13076923076923078,0.9969644970414201
lof,8,0.0,0.18461538461538463,0.9969644970414201
lof,9,0.0,0.18846153846153846,0.9969644970414201
lof,10,0.0,0.19615384615384615,0.9969644970414201
lof,11,0.0,0.23461538461538461,0.9969644970414201
lof,12,0.0,0.23846153846153847,0.9969644970414201
lof,13,0.0,0.2846153846153846,0.9969644970414201
lof,14,0.0,0.2923076923076923,0.9969644970414201
lof,15,0.0,0.36153846153846153,0.9969644970414201
lof,16,0.0,0.36923076923076925,0.9969644970414201
lof,17,0.0,0.3730769230769231,0.9969644970414201
lof,18,0.0,0.38076923076923075,0.9969644970414201
lof,19,0.0,0.38461538461538464,0.9969644970414201
lof,20,0.0,0.4346153846153846,0.9969644970414201
lof,21,0.0,0.43846153846153846,0.9969644970414201
lof,22,0.0,0.5115384615384615,0.9969644970414201
lof,23,0.0,0.5192307692307693,0.9969644970414201
lof,24,0.0,0.5269230769230769,0.9969644970414201
lof,25,0.0,0.573076923076923,0.9969644970414201
lof,26,0.0,0.5769230769230769,0.9969644970414201
lof,27,0.0,0.5923076923076923,0.9969644970414201
lof,28,0.0,0.6384615384615384,0.9969644970414201
lof,29,0.0,0.65,0.9969644970414201
lof,30,0.0,0.6653846153846154,0.9969644970414201
lof,31,0.0,0.6730769230769231,0.9969644970414201
lof,32,0.0,0.6923076923076923,0.9969644970414201
lof,33,0.0,0.7153846153846154,0.9969644970414201
lof,34,0.0,0.7192307692307692,0.9969644970414201
lof,35,0.0,0.7423076923076923,0.9969644970414201
lof,36,0.0,0.7576923076923077,0.9969644970414201
lof,37,0.0,0.7653846153846153,0.9969644970414201
lof,38,0.0,0.7692307692307693,0.9969644970414201
lof,39,0.0,0.7846153846153846,0.9969644970414201
lof,40,0.0,0.7923076923076923,0.9969644970414201
lof,41,0.0,0.8,0.9969644970414201
lof,42,0.0,0.8192307692307692,0.9969644970414201
lof,43,0.0,0.8346153846153846,0.9969644970414201
lof,44,0.0,0.8423076923076923,0.9969644970414201
lof,45,0.0015384615384615385,0.8423076923076923,0.9969644970414201
lof,46,0.0015384615384615385,0.8461538461538461,0.9969644970414201
lof,47,0.0015384615384615385,0.8538461538461538,0.9969644970414201
lof,48,0.0015384615384615385,0.8576923076923076,0.9969644970414201
lof,49,0.0015384615384615385,0.8769230769230769,0.9969644970414201
lof,50,0.0015384615384615385,0.8884615384615384,0.9969644970414201
lof,51,0.003076923076923077,0.8884615384615384,0.9969644970414201
lof,52,0.003076923076923077,0.8923076923076924,0.9969644970414201
lof,53,0.003076923076923077,0.9,0.9969644970414201
lof,54,0.004615384615384616,0.9,0.9969644970414201
lof,55,0.004615384615384616,0.9192307692307692,0.9969644970414201
lof,56,0.004615384615384616,0.9307692307692308,0.9969644970414201
lof,57,0.004615384615384616,0.9346153846153846,0.9969644970414201
lof,58,0.004615384615384616,0.9423076923076923,0.9969644970414201
lof,59,0.010769230769230769,0.9423076923076923,0.9969644970414201
lof,60,0.010769230769230769,0.9461538461538461,0.9969644970414201
lof,61,0.012307692307692308,0.9461538461538461,0.9969644970414201
lof,62,0.012307692307692308,0.9538461538461539,0.9969644970414201
lof,63,0.015384615384615385,0.9538461538461539,0.9969644970414201
lof,64,0.015384615384615385,0.9576923076923077,0.9969644970414201
lof,65,0.02,0.9576923076923077,0.9969644970414201
lof,66,0.023076923076923078,0.9576923076923077,0.9969644970414201
lof,67,0.024615384615384615,0.9576923076923077,0.9969644970414201
lof,68,0.024615384615384615,0.9653846153846154,0.9969644970414201
lof,69,0.026153846153846153,0.9653846153846154,0.9969644970414201
lof,70,0.02923076923076923,0.9653846153846154,0.9969644970414201
lof,71,0.02923076923076923,0.9730769230769231,0.9969644970414201
lof,72,0.03230769230769231,0.9730769230769231,0.9969644970414201
lof,73,0.03538461538461538,0.9730769230769231,0.9969644970414201
lof,74,0.03538461538461538,0.9769230769230769,0.9969644970414201
lof,75,0.038461538461538464,0.9769230769230769,0.9969644970414201
lof,76,0.043076923076923075,0.9769230769230769,0.9969644970414201
lof,77,0.04461538461538461,0.9769230769230769,0.9969644970414201
lof,78,0.047692307692307694,0.9769230769230769,0.9969644970414201
lof,79,0.052307692307692305,0.9769230769230769,0.9969644970414201
lof,80,0.052307692307692305,0.9846153846153847,0.9969644970414201
lof,81,0.05692307692307692,0.9846153846153847,0.9969644970414201
lof,82,0.06,0.9846153846153847,0.9969644970414201
lof,83,0.06461538461538462,0.9846153846153847,0.9969644970414201
lof,84,0.06769230769230769,0.9846153846153847,0.9969644970414201
lof,85,0.07076923076923076,0.9846153846153847,0.9969644970414201
lof,86,0.08615384615384615,0.9846153846153847,0.9969644970414201
lof,87,0.09384615384615384,0.9846153846153847,0.9969644970414201
lof,88,0.09384615384615384,0.9923076923076923,0.9969644970414201
lof,89,0.09846153846153846,0.9923076923076923,0.9969644970414201
lof,90,0.10153846153846154,0.9923076923076923,0.9969644970414201
lof,91,0.10615384615384615,0.9923076923076923,0.9969644970414201
lof,92,0.10923076923076923,0.9923076923076923,0.9969644970414201
lof,93,0.10923076923076923,0.9961538461538462,0.9969644970414201
lof,94,0.1123076923076923,0.9961538461538462,0.9969644970414201
lof,95,0.11538461538461539,0.9961538461538462,0.9969644970414201
lof,96,0.11538461538461539,1.0,0.9969644970414201
lof,97,0.13230769230769232,1.0,0.9969644970414201
lof,98,0.13692307692307693,1.0,0.9969644970414201
lof,99,0.14307692307692307,1.0,0.9969644970414201
lof,100,0.1476923076923077,1.0,0.9969644970414201
lof,101,0.18307692307692308,1.0,0.9969644970414201
lof,102,0.18461538461538463,1.0,0.9969644970414201
lof,103,0.18923076923076923,1.0,0.9969644970414201
lof,104,0.19076923076923077,1.0,0.9969644970414201
lof,105,0.19538461538461538,1.0,0.9969644970414201
lof,106,0.19846153846153847,1.0,0.9969644970414201
lof,107,0.20307692307692307,1.0,0.9969644970414201
lof,108,0.2076923076923077,1.0,0.9969644970414201
lof,109,0.2153846153846154,1.0,0.9969644970414201
lof,110,0.22153846153846155,1.0,0.9969644970414201
lof,111,0.22615384615384615,1.0,0.9969644970414201
lof,112,0.23384615384615384,1.0,0.9969644970414201
lof,113,0.24,1.0,0.9969644970414201
lof,114,0.24615384615384617,1.0,0.9969644970414201
lof,115,0.24923076923076923,1.0,0.9969644970414201
lof,116,0.2569230769230769,1.0,0.9969644970414201
lof,117,0.2630769230769231,1.0,0.9969644970414201
lof,118,0.26615384615384613,1.0,0.9969644970414201
lof,119,0.2692307692307692,1.0,0.9969644970414201
lof,120,0.27384615384615385,1.0,0.9969644970414201
lof,121,0.28307692307692306,1.0,0.9969644970414201
lof,122,0.2876923076923077,1.0,0.9969644970414201
lof,123,0.2953846153846154,1.0,0.9969644970414201
lof,124,0.2969230769230769,1.0,0.9969644970414201
lof,125,0.30153846153846153,1.0,0.9969644970414201
lof,126,0.3153846153846154,1.0,0.9969644970414201
lof,127,0.32,1.0,0.9969644970414201
lof,128,0.32153846153846155,1.0,0.9969644970414201
lof,129,0.3261538461538461,1.0,0.9969644970414201
lof,130,0.32769230769230767,1.0,0.9969644970414201
lof,131,0.33384615384615385,1.0,0.9969644970414201
lof,132,0.34,1.0,0.9969644970414201
lof,133,0.3415384615384615,1.0,0.9969644970414201
lof,134,0.34923076923076923,1.0,0.9969644970414201
lof,135,0.3507692307692308,1.0,0.9969644970414201
lof,136,0.35846153846153844,1.0,0.9969644970414201
lof,137,0.36153846153846153,1.0,0.9969644970414201
lof,138,0.3646153846153846,1.0,0.9969644970414201
lof,139,0.3707692307692308,1.0,0.9969644970414201
lof,140,0.37384615384615383,1.0,0.9969644970414201
lof,141,0.3769230769230769,1.0,0.9969644970414201
lof,142,0.40615384615384614,1.0,0.9969644970414201
lof,143,0.41384615384615386,1.0,0.9969644970414201
lof,144,0.42153846153846153,1.0,0.9969644970414201
lof,145,0.4307692307692308,1.0,0.9969644970414201
lof,146,0.4338461538461538,1.0,0.9969644970414201
lof,147,0.43846153846153846,1.0,0.9969644970414201
lof,148,0.44461538461538463,1.0,0.9969644970414201
lof,149,0.4492307692307692,1.0,0.9969644970414201
lof,150,0.48615384615384616,1.0,0.9969644970414201
lof,151,0.4907692307692308,1.0,0.9969644970414201
lof,152,0.5,1.0,0.9969644970414201
lof,153,0.5015384615384615,1.0,0.9969644970414201
lof,154,0.5107692307692308,1.0,0.9969644970414201
lof,155,0.5169230769230769,1.0,0.9969644970414201
lof,156,0.5246153846153846,1.0,0.9969644970414201
lof,157,0.5353846153846153,1.0,0.9969644970414201
lof,158,0.54,1.0,0.9969644970414201
lof,159,0.5538461538461539,1.0,0.9969644970414201
lof,160,0.556923076923077,1.0,0.9969644970414201
lof,161,0.5615384615384615,1.0,0.9969644970414201
lof,162,0.5646153846153846,1.0,0.9969644970414201
lof,163,0.5692307692307692,1.0,0.9969644970414201
lof,164,0.5723076923076923,1.0,0.9969644970414201
lof,165,0.5769230769230769,1.0,0.9969644970414201
lof,166,0.5784615384615385,1.0,0.9969644970414201
lof,167,0.5815384615384616,1.0,0.9969644970414201
lof,168,0.5861538461538461,1.0,0.9969644970414201
lof,169,0.5892307692307692,1.0,0.9969644970414201
lof,170,0.5984615384615385,1.0,0.9969644970414201
lof,171,0.6015384615384616,1.0,0.9969644970414201
lof,172,0.6092307692307692,1.0,0.9969644970414201
lof,173,0.6123076923076923,1.0,0.9969644970414201
lof,174,0.6153846153846154,1.0,0.9969644970414201
lof,175,0.6246153846153846,1.0,0.9969644970414201
lof,176,0.6307692307692307,1.0,0.9969644970414201
lof,177,0.6323076923076923,1.0,0.9969644970414201
lof,178,0.6353846153846154,1.0,0.9969644970414201
lof,179,0.6369230769230769,1.0,0.9969644970414201
lof,180,0.64,1.0,0.9969644970414201
lof,181,0.6507692307692308,1.0,0.9969644970414201
lof,182,0.6523076923076923,1.0,0.9969644970414201
lof,183,0.6569230769230769,1.0,0.9969644970414201
lof,184,0.66,1.0,0.9969644970414201
lof,185,0.6707692307692308,1.0,0.9969644970414201
lof,186,0.6738461538461539,1.0,0.9969644970414201
lof,187,0.6861538461538461,1.0,0.9969644970414201
lof,188,0.6938461538461539,1.0,0.9969644970414201
lof,189,0.7446153846153846,1.0,0.9969644970414201
lof,190,0.7523076923076923,1.0,0.9969644970414201
lof,191,0.7646153846153846,1.0,0.9969644970414201
lof,192,0.7692307692307693,1.0,0.9969644970414201
lof,193,0.7707692307692308,1.0,0.9969644970414201
lof,194,0.7738461538461539,1.0,0.9969644970414201
lof,195,0.7784615384615384,1.0,0.9969644970414201
lof,196,0.78,1.0,0.9969644970414201
lof,197,0.7861538461538462,1.0,0.9969644970414201
lof,198,0.7938461538461539,1.0,0.9969644970414201
lof,199,0.796923076923077,1.0,0.9969644970414201
lof,200,0.8,1.0,0.9969644970414201
lof,201,0.803076923076923,1.0,0.9969644970414201
lof,202,0.8215384615384616,1.0,0.9969644970414201
lof,203,0.8246153846153846,1.0,0.9969644970414201
lof,204,0.8261538461538461,1.0,0.9969644970414201
lof,205,0.8323076923076923,1.0,0.9969644970414201
lof,206,0.8338461538461538,1.0,0.9969644970414201
lof,207,0.84,1.0,0.9969644970414201
lof,208,0.8507692307692307,1.0,0.9969644970414201
lof,209,0.8584615384615385,1.0,0.9969644970414201
lof,210,0.86,1.0,0.9969644970414201
lof,211,0.8692307692307693,1.0,0.9969644970414201
lof,212,0.8707692307692307,1.0,0.9969644970414201
lof,213,0.8738461538461538,1.0,0.9969644970414201
lof,214,0.9061538461538462,1.0,0.9969644970414201
lof,215,0.9738461538461538,1.0,0.9969644970414201
lof,216,0.9753846153846154,1.0,0.9969644970414201
lof,217,0.9784615384615385,1.0,0.9969644970414201
lof,218,0.9938461538461538,1.0,0.9969644970414201
lof,219,0.9953846153846154,1.0,0.9969644970414201
lof,220,1.0,1.0,0.9969644970414201
ocsvm,0,0.0,0.0,0.9995088757396449
ocsvm,1,0.0,0.5923076923076923,0.9995088757396449
ocsvm,2,0.0,0.6423076923076924,0.9995088757396449
ocsvm,3,0.0,0.6461538461538462,0.9995088757396449
ocsvm,4,0.0,0.6576923076923077,0.9995088757396449
ocsvm,5,0.0,0.6615384615384615,0.9995088757396449
ocsvm,6,0.0,0.6807692307692308,0.9995088757396449
ocsvm,7,0.0,0.6846153846153846,0.9995088757396449
ocsvm,8,0.0,0.7076923076923077,0.9995088757396449
ocsvm,9,0.0,0.7153846153846154,0.9995088757396449
ocsvm,10,0.0,0.7192307692307692,0.9995088757396449
ocsvm,11,0.0,0.7423076923076923,0.9995088757396449
ocsvm,12,0.0,0.7576923076923077,0.9995088757396449
ocsvm,13,0.0,0.7653846153846153,0.9995088757396449
ocsvm,14,0.0,0.7692307692307693,0.9995088757396449
ocsvm,15,0.0,0.7846153846153846,0.9995088757396449
ocsvm,16,0.0,0.7923076923076923,0.9995088757396449
ocsvm,17,0.0,0.8,0.9995088757396449
ocsvm,18,0.0,0.8192307692307692,0.9995088757396449
ocsvm,19,0.0,0.8346153846153846,0.9995088757396449
ocsvm,20,0.0,0.8461538461538461,0.9995088757396449
ocsvm,21,0.0,0.8538461538461538,0.9995088757396449
ocsvm,22,0.0,0.8576923076923076,0.9995088757396449
ocsvm,23,0.0,0.8769230769230769,0.9995088757396449
ocsvm,24,0.0,0.8923076923076924,0.9995088757396449
ocsvm,25,0.0,0.9,0.9995088757396449
ocsvm,26,0.0,0.9115384615384615,0.9995088757396449
ocsvm,27,0.0015384615384615385,0.9115384615384615,0.9995088757396449
ocsvm,28,0.0015384615384615385,0.9153846153846154,0.9995088757396449
ocsvm,29,0.0015384615384615385,0.926923076923077,0.9995088757396449
ocsvm,30,0.0015384615384615385,0.9307692307692308,0.9995088757396449
ocsvm,31,0.003076923076923077,0.9307692307692308,0.9995088757396449
ocsvm,32,0.003076923076923077,0.9346153846153846,0.9995088757396449
ocsvm,33,0.003076923076923077,0.9423076923076923,0.9995088757396449
ocsvm,34,0.003076923076923077,0.9461538461538461,0.9995088757396449
ocsvm,35,0.003076923076923077,0.9538461538461539,0.9995088757396449
ocsvm,36,0.003076923076923077,0.9615384615384616,0.9995088757396449
ocsvm,37,0.003076923076923077,0.9692307692307692,0.9995088757396449
ocsvm,38,0.003076923076923077,0.9846153846153847,0.9995088757396449
ocsvm,39,0.004615384615384616,0.9846153846153847,0.9995088757396449
ocsvm,40,0.004615384615384616,0.9884615384615385,0.9995088757396449
ocsvm,41,0.009230769230769232,0.9884615384615385,0.9995088757396449
ocsvm,42,0.009230769230769232,0.9923076923076923,0.9995088757396449
ocsvm,43,0.010769230769230769,0.9923076923076923,0.9995088757396449
ocsvm,44,0.015384615384615385,0.9923076923076923,0.9995088757396449
ocsvm,45,0.023076923076923078,0.9923076923076923,0.9995088757396449
ocsvm,46,0.023076923076923078,0.9961538461538462,0.9995088757396449
ocsvm,47,0.027692307692307693,0.9961538461538462,0.9995088757396449
ocsvm,48,0.03076923076923077,0.9961538461538462,0.9995088757396449
ocsvm,49,0.04,0.9961538461538462,0.9995088757396449
ocsvm,50,0.04,1.0,0.9995088757396449
ocsvm,51,0.047692307692307694,1.0,0.9995088757396449
ocsvm,52,0.052307692307692305,1.0,0.9995088757396449
ocsvm,53,0.06769230769230769,1.0,0.9995088757396449
ocsvm,54,0.07076923076923076,1.0,0.9995088757396449
ocsvm,55,0.08153846153846153,1.0,0.9995088757396449
ocsvm,56,0.08461538461538462,1.0,0.9995088757396449
ocsvm,57,0.08923076923076922,1.0,0.9995088757396449
ocsvm,58,0.09230769230769231,1.0,0.9995088757396449
ocsvm,59,0.09846153846153846,1.0,0.9995088757396449
ocsvm,60,0.1,1.0,0.9995088757396449
ocsvm,61,0.10307692307692308,1.0,0.9995088757396449
ocsvm,62,0.1076923076923077,1.0,0.9995088757396449
ocsvm,63,0.10923076923076923,1.0,0.9995088757396449
ocsvm,64,0.11538461538461539,1.0,0.9995088757396449
ocsvm,65,0.11692307692307692,1.0,0.9995088757396449
ocsvm,66,0.12,1.0,0.9995088757396449
ocsvm,67,0.13846153846153847,1.0,0.9995088757396449
ocsvm,68,0.14153846153846153,1.0,0.9995088757396449
ocsvm,69,0.14307692307692307,1.0,0.9995088757396449
ocsvm,70,0.14615384615384616,1.0,0.9995088757396449
ocsvm,71,0.1476923076923077,1.0,0.9995088757396449
ocsvm,72,0.15076923076923077,1.0,0.9995088757396449
ocsvm,73,0.1523076923076923,1.0,0.9995088757396449
ocsvm,74,0.1676923076923077,1.0,0.9995088757396449
ocsvm,75,0.1723076923076923,1.0,0.9995088757396449
ocsvm,76,0.17846153846153845,1.0,0.9995088757396449
ocsvm,77,0.21384615384615385,1.0,0.9995088757396449
ocsvm,78,0.21846153846153846,1.0,0.9995088757396449
ocsvm,79,0.22153846153846155,1.0,0.9995088757396449
ocsvm,80,0.2246153846153846,1.0,0.9995088757396449
ocsvm,81,0.23076923076923078,1.0,0.9995088757396449
ocsvm,82,0.24307692307692308,1.0,0.9995088757396449
ocsvm,83,0.24923076923076923,1.0,0.9995088757396449
ocsvm,84,0.25076923076923074,1.0,0.9995088757396449
ocsvm,85,0.2569230769230769,1.0,0.9995088757396449
ocsvm,86,0.26153846153846155,1.0,0.9995088757396449
ocsvm,87,0.2630769230769231,1.0,0.9995088757396449
ocsvm,88,0.26615384615384613,1.0,0.9995088757396449
ocsvm,89,0.2692307692307692,1.0,0.9995088757396449
ocsvm,90,0.2723076923076923,1.0,0.9995088757396449
ocsvm,91,0.27384615384615385,1.0,0.9995088757396449
ocsvm,92,0.27692307692307694,1.0,0.9995088757396449
ocsvm,93,0.2815384615384615,1.0,0.9995088757396449
ocsvm,94,0.28615384615384615,1.0,0.9995088757396449
ocsvm,95,0.28923076923076924,1.0,0.9995088757396449
ocsvm,96,0.2923076923076923,1.0,0.9995088757396449
ocsvm,97,0.2953846153846154,1.0,0.9995088757396449
ocsvm,98,0.29846153846153844,1.0,0.9995088757396449
ocsvm,99,0.3046153846153846,1.0,0.9995088757396449
ocsvm,100,0.30923076923076925,1.0,0.9995088757396449
ocsvm,101,0.3153846153846154,1.0,0.9995088757396449
ocsvm,102,0.32,1.0,0.9995088757396449
ocsvm,103,0.32153846153846155,1.0,0.9995088757396449
ocsvm,104,0.32461538461538464,1.0,0.9995088757396449
ocsvm,105,0.32769230769230767,1.0,0.9995088757396449
ocsvm,106,0.33384615384615385,1.0,0.9995088757396449
ocsvm,107,0.33692307692307694,1.0,0.9995088757396449
ocsvm,108,0.34,1.0,0.9995088757396449
ocsvm,109,0.3415384615384615,1.0,0.9995088757396449
ocsvm,110,0.3507692307692308,1.0,0.9995088757396449
ocsvm,111,0.3523076923076923,1.0,0.9995088757396449
ocsvm,112,0.35846153846153844,1.0,0.9995088757396449
ocsvm,113,0.36153846153846153,1.0,0.9995088757396449
ocsvm,114,0.3630769230769231,1.0,0.9995088757396449
ocsvm,115,0.3676923076923077,1.0,0.9995088757396449
ocsvm,116,0.36923076923076925,1.0,0.9995088757396449
ocsvm,117,0.3723076923076923,1.0,0.9995088757396449
ocsvm,118,0.38,1.0,0.9995088757396449
ocsvm,119,0.3892307692307692,1.0,0.9995088757396449
ocsvm,120,0.4,1.0,0.9995088757396449
ocsvm,121,0.40307692307692305,1.0,0.9995088757396449
ocsvm,122,0.40615384615384614,1.0,0.9995088757396449
ocsvm,123,0.4107692307692308,1.0,0.9995088757396449
ocsvm,124,0.42,1.0,0.9995088757396449
ocsvm,125,0.42615384615384616,1.0,0.9995088757396449
ocsvm,126,0.4307692307692308,1.0,0.9995088757396449
ocsvm,127,0.43538461538461537,1.0,0.9995088757396449
ocsvm,128,0.44,1.0,0.9995088757396449
ocsvm,129,0.4430769230769231,1.0,0.9995088757396449
ocsvm,130,0.4461538461538462,1.0,0.9995088757396449
ocsvm,131,0.45076923076923076,1.0,0.9995088757396449
ocsvm,132,0.4523076923076923,1.0,0.9995088757396449
ocsvm,133,0.46,1.0,0.9995088757396449
ocsvm,134,0.46307692307692305,1.0,0.9995088757396449
ocsvm,135,0.46923076923076923,1.0,0.9995088757396449
ocsvm,136,0.4707692307692308,1.0,0.9995088757396449
ocsvm,137,0.47692307692307695,1.0,0.9995088757396449
ocsvm,138,0.47846153846153844,1.0,0.9995088757396449
ocsvm,139,0.4815384615384615,1.0,0.9995088757396449
ocsvm,140,0.48307692307692307,1.0,0.9995088757396449
ocsvm,141,0.48615384615384616,1.0,0.9995088757396449
ocsvm,142,0.48923076923076925,1.0,0.9995088757396449
ocsvm,143,0.4938461538461538,1.0,0.9995088757396449
ocsvm,144,0.5092307692307693,1.0,0.9995088757396449
ocsvm,145,0.5153846153846153,1.0,0.9995088757396449
ocsvm,146,0.5292307692307693,1.0,0.9995088757396449
ocsvm,147,0.5384615384615384,1.0,0.9995088757396449
ocsvm,148,0.54,1.0,0.9995088757396449
ocsvm,149,0.5446153846153846,1.0,0.9995088757396449
ocsvm,150,0.5507692307692308,1.0,0.9995088757396449
ocsvm,151,0.5553846153846154,1.0,0.9995088757396449
ocsvm,152,0.556923076923077,1.0,0.9995088757396449
ocsvm,153,0.56,1.0,0.9995088757396449
ocsvm,154,0.5661538461538461,1.0,0.9995088757396449
ocsvm,155,0.5738461538461539,1.0,0.9995088757396449
ocsvm,156,0.5846153846153846,1.0,0.9995088757396449
ocsvm,157,0.5876923076923077,1.0,0.9995088757396449
ocsvm,158,0.5892307692307692,1.0,0.9995088757396449
ocsvm,159,0.5923076923076923,1.0,0.9995088757396449
ocsvm,160,0.5953846153846154,1.0,0.9995088757396449
ocsvm,161,0.6046153846153847,1.0,0.9995088757396449
ocsvm,162,0.6076923076923076,1.0,0.9995088757396449
ocsvm,163,0.6092307692307692,1.0,0.9995088757396449
ocsvm,164,0.6123076923076923,1.0,0.9995088757396449
ocsvm,165,0.6153846153846154,1.0,0.9995088757396449
ocsvm,166,0.6184615384615385,1.0,0.9995088757396449
ocsvm,167,0.62,1.0,0.9995088757396449
ocsvm,168,0.6230769230769231,1.0,0.9995088757396449
ocsvm,169,0.6307692307692307,1.0,0.9995088757396449
ocsvm,170,0.6415384615384615,1.0,0.9995088757396449
ocsvm,171,0.6430769230769231,1.0,0.9995088757396449
ocsvm,172,0.6476923076923077,1.0,0.9995088757396449
ocsvm,173,0.6569230769230769,1.0,0.9995088757396449
ocsvm,174,0.6723076923076923,1.0,0.9995088757396449
ocsvm,175,0.676923076923077,1.0,0.9995088757396449
ocsvm,176,0.683076923076923,1.0,0.9995088757396449
ocsvm,177,0.6846153846153846,1.0,0.9995088757396449
ocsvm,178,0.6876923076923077,1.0,0.9995088757396449
ocsvm,179,0.6907692307692308,1.0,0.9995088757396449
ocsvm,180,0.6953846153846154,1.0,0.9995088757396449
ocsvm,181,0.696923076923077,1.0,0.9995088757396449
ocsvm,182,0.703076923076923,1.0,0.9995088757396449
ocsvm,183,0.7046153846153846,1.0,0.9995088757396449
ocsvm,184,0.7123076923076923,1.0,0.9995088757396449
ocsvm,185,0.7169230769230769,1.0,0.9995088757396449
ocsvm,186,0.7246153846153847,1.0,0.9995088757396449
ocsvm,187,0.7307692307692307,1.0,0.9995088757396449
ocsvm,188,0.7353846153846154,1.0,0.9995088757396449
ocsvm,189,0.7415384615384616,1.0,0.9995088757396449
ocsvm,190,0.7446153846153846,1.0,0.9995088757396449
ocsvm,191,0.7461538461538462,1.0,0.9995088757396449
ocsvm,192,0.76,1.0,0.9995088757396449
ocsvm,193,0.7692307692307693,1.0,0.9995088757396449
ocsvm,194,0.7707692307692308,1.0,0.9995088757396449
ocsvm,195,0.7815384615384615,1.0,0.9995088757396449
ocsvm,196,0.7830769230769231,1.0,0.9995088757396449
ocsvm,197,0.7861538461538462,1.0,0.9995088757396449
ocsvm,198,0.7923076923076923,1.0,0.9995088757396449
ocsvm,199,0.796923076923077,1.0,0.9995088757396449
ocsvm,200,0.7984615384615384,1.0,0.9995088757396449
ocsvm,201,0.803076923076923,1.0,0.9995088757396449
ocsvm,202,0.8138461538461539,1.0,0.9995088757396449
ocsvm,203,0.82,1.0,0.9995088757396449
ocsvm,204,0.8246153846153846,1.0,0.9995088757396449
ocsvm,205,0.8353846153846154,1.0,0.9995088757396449
ocsvm,206,0.8476923076923077,1.0,0.9995088757396449
ocsvm,207,0.8507692307692307,1.0,0.9995088757396449
ocsvm,208,0.8538461538461538,1.0,0.9995088757396449
ocsvm,209,0.8569230769230769,1.0,0.9995088757396449
ocsvm,210,0.8584615384615385,1.0,0.9995088757396449
ocsvm,211,0.8615384615384616,1.0,0.9995088757396449
ocsvm,212,0.8769230769230769,1.0,0.9995088757396449
ocsvm,213,0.8861538461538462,1.0,0.9995088757396449
ocsvm,214,0.8876923076923077,1.0,0.9995088757396449
ocsvm,215,0.8953846153846153,1.0,0.9995088757396449
ocsvm,216,0.9015384615384615,1.0,0.9995088757396449
ocsvm,217,0.9061538461538462,1.0,0.9995088757396449
ocsvm,218,0.9076923076923077,1.0,0.9995088757396449
ocsvm,219,0.9138461538461539,1.0,0.9995088757396449
ocsvm,220,0.916923076923077,1.0,0.9995088757396449
ocsvm,221,0.9230769230769231,1.0,0.9995088757396449
ocsvm,222,0.9323076923076923,1.0,0.9995088757396449
ocsvm,223,0.9353846153846154,1.0,0.9995088757396449
ocsvm,224,0.9538461538461539,1.0,0.9995088757396449
ocsvm,225,0.9553846153846154,1.0,0.9995088757396449
ocsvm,226,0.9738461538461538,1.0,0.9995088757396449
ocsvm,227,0.9753846153846154,1.0,0.9995088757396449
ocsvm,228,0.98,1.0,0.9995088757396449
ocsvm,229,0.9892307692307692,1.0,0.9995088757396449
ocsvm,230,0.9953846153846154,1.0,0.9995088757396449
ocsvm,231,1.0,1.0,0.9995088757396449
