model,point_index,recall,precision,pr_auc
isolation_forest,0,1.0,0.28602860286028603,0.22959411746295347
isolation_forest,1,1.0,0.28888888888888886,0.22959411746295347
isolation_forest,2,1.0,0.2898550724637681,0.22959411746295347
isolation_forest,3,1.0,0.29213483146067415,0.22959411746295347
isolation_forest,4,1.0,0.29312288613303267,0.22959411746295347
isolation_forest,5,1.0,0.2944507361268403,0.22959411746295347
isolation_forest,6,1.0,0.296127562642369,0.22959411746295347
isolation_forest,7,1.0,0.29646522234891676,0.22959411746295347
isolation_forest,8,1.0,0.2991944764096663,0.22959411746295347
isolation_forest,9,1.0,0.3002309468822171,0.22959411746295347
isolation_forest,10,1.0,0.3023255813953488,0.22959411746295347
isolation_forest,11,1.0,0.3051643192488263,0.22959411746295347
isolation_forest,12,1.0,0.30624263839811544,0.22959411746295347
isolation_forest,13,1.0,0.3069657615112161,0.22959411746295347
isolation_forest,14,1.0,0.3091557669441142,0.22959411746295347
isolation_forest,15,1.0,0.31026252983293556,0.22959411746295347
isolation_forest,16,1.0,0.3125,0.22959411746295347
isolation_forest,17,1.0,0.31476997578692495,0.22959411746295347
isolation_forest,18,1.0,0.31630170316301703,0.22959411746295347
isolation_forest,19,1.0,0.31784841075794623,0.22959411746295347
isolation_forest,20,1.0,0.31862745098039214,0.22959411746295347
isolation_forest,21,1.0,0.32019704433497537,0.22959411746295347
isolation_forest,22,1.0,0.322180916976456,0.22959411746295347
isolation_forest,23,1.0,0.32418952618453867,0.22959411746295347
isolation_forest,24,1.0,0.325,0.22959411746295347
isolation_forest,25,1.0,0.32622333751568383,0.22959411746295347
isolation_forest,26,1.0,0.3270440251572327,0.22959411746295347
isolation_forest,27,1.0,0.3282828282828283,0.22959411746295347
isolation_forest,28,1.0,0.3303684879288437,0.22959411746295347
isolation_forest,29,1.0,0.33163265306122447,0.22959411746295347
isolation_forest,30,1.0,0.3333333333333333,0.22959411746295347
isolation_forest,31,1.0,0.33462033462033464,0.22959411746295347
isolation_forest,32,1.0,0.33678756476683935,0.22959411746295347
isolation_forest,33,1.0,0.33766233766233766,0.22959411746295347
isolation_forest,34,1.0,0.3403141361256545,0.22959411746295347
isolation_forest,35,1.0,0.34120734908136485,0.22959411746295347
isolation_forest,36,1.0,0.3416557161629435,0.22959411746295347
isolation_forest,37,1.0,0.3425559947299078,0.22959411746295347
isolation_forest,38,1.0,0.34300791556728233,0.22959411746295347
isolation_forest,39,1.0,0.3439153439153439,0.22959411746295347
isolation_forest,40,1.0,0.3448275862068966,0.22959411746295347
isolation_forest,41,1.0,0.3471295060080107,0.22959411746295347
isolation_forest,42,1.0,0.3485254691689008,0.22959411746295347
isolation_forest,43,1.0,0.348993288590604,0.22959411746295347
isolation_forest,44,1.0,0.3508771929824561,0.22959411746295347
isolation_forest,45,1.0,0.35135135135135137,0.22959411746295347
isolation_forest,46,1.0,0.35182679296346414,0.22959411746295347
isolation_forest,47,1.0,0.3523035230352303,0.22959411746295347
isolation_forest,48,1.0,0.3532608695652174,0.22959411746295347
isolation_forest,49,1.0,0.3542234332425068,0.22959411746295347
isolation_forest,50,1.0,0.35470668485675305,0.22959411746295347
isolation_forest,51,1.0,0.3551912568306011,0.22959411746295347
isolation_forest,52,1.0,0.35714285714285715,0.22959411746295347
isolation_forest,53,1.0,0.3576341127922971,0.22959411746295347
isolation_forest,54,1.0,0.35911602209944754,0.22959411746295347
isolation_forest,55,1.0,0.3616133518776078,0.22959411746295347
isolation_forest,56,1.0,0.364656381486676,0.22959411746295347
isolation_forest,57,1.0,0.3651685393258427,0.22959411746295347
isolation_forest,58,1.0,0.36879432624113473,0.22959411746295347
isolation_forest,59,1.0,0.3693181818181818,0.22959411746295347
isolation_forest,60,1.0,0.37037037037037035,0.22959411746295347
isolation_forest,61,1.0,0.37142857142857144,0.22959411746295347
isolation_forest,62,1.0,0.3735632183908046,0.22959411746295347
isolation_forest,63,1.0,0.37410071942446044,0.22959411746295347
isolation_forest,64,1.0,0.3746397694524496,0.22959411746295347
isolation_forest,65,1.0,0.37518037518037517,0.22959411746295347
isolation_forest,66,1.0,0.37572254335260113,0.22959411746295347
isolation_forest,67,1.0,0.37681159420289856,0.22959411746295347
isolation_forest,68,1.0,0.37735849056603776,0.22959411746295347
isolation_forest,69,0.9384615384615385,0.362555720653789,0.22959411746295347
isolation_forest,70,0.9384615384615385,0.36363636363636365,0.22959411746295347
isolation_forest,71,0.8884615384615384,0.35106382978723405,0.22959411746295347
isolation_forest,72,0.8884615384615384,0.3526717557251908,0.22959411746295347
isolation_forest,73,0.8884615384615384,0.3532110091743119,0.22959411746295347
isolation_forest,74,0.8884615384615384,0.35429447852760737,0.22959411746295347
isolation_forest,75,0.8153846153846154,0.334913112164297,0.22959411746295347
isolation_forest,76,0.8153846153846154,0.3359746434231379,0.22959411746295347
isolation_forest,77,0.8153846153846154,0.33650793650793653,0.22959411746295347
isolation_forest,78,0.8153846153846154,0.3370429252782194,0.22959411746295347
isolation_forest,79,0.8153846153846154,0.3375796178343949,0.22959411746295347
isolation_forest,80,0.8153846153846154,0.33974358974358976,0.22959411746295347
isolation_forest,81,0.8153846153846154,0.3402889245585875,0.22959411746295347
isolation_forest,82,0.7423076923076923,0.3195364238410596,0.22959411746295347
isolation_forest,83,0.7423076923076923,0.3211314475873544,0.22959411746295347
isolation_forest,84,0.7423076923076923,0.32166666666666666,0.22959411746295347
isolation_forest,85,0.7423076923076923,0.32274247491638797,0.22959411746295347
isolation_forest,86,0.7,0.3100511073253833,0.22959411746295347
isolation_forest,87,0.7,0.310580204778157,0.22959411746295347
isolation_forest,88,0.7,0.3111111111111111,0.22959411746295347
isolation_forest,89,0.6384615384615384,0.29173989455184535,0.22959411746295347
isolation_forest,90,0.5884615384615385,0.2751798561151079,0.22959411746295347
isolation_forest,91,0.55,0.2619047619047619,0.22959411746295347
isolation_forest,92,0.5269230769230769,0.2537037037037037,0.22959411746295347
isolation_forest,93,0.5269230769230769,0.2541743970315399,0.22959411746295347
isolation_forest,94,0.5269230769230769,0.25464684014869887,0.22959411746295347
isolation_forest,95,0.5269230769230769,0.2555970149253731,0.22959411746295347
isolation_forest,96,0.46923076923076923,0.23416506717850288,0.22959411746295347
isolation_forest,97,0.46923076923076923,0.23461538461538461,0.22959411746295347
isolation_forest,98,0.4461538461538462,0.22568093385214008,0.22959411746295347
isolation_forest,99,0.4461538461538462,0.22612085769980506,0.22959411746295347
isolation_forest,100,0.4461538461538462,0.22700587084148727,0.22959411746295347
isolation_forest,101,0.4269230769230769,0.21936758893280633,0.22959411746295347
isolation_forest,102,0.4269230769230769,0.220675944333996,0.22959411746295347
isolation_forest,103,0.4269230769230769,0.22111553784860558,0.22959411746295347
isolation_forest,104,0.4269230769230769,0.2215568862275449,0.22959411746295347
isolation_forest,105,0.40384615384615385,0.21212121212121213,0.22959411746295347
isolation_forest,106,0.40384615384615385,0.2125506072874494,0.22959411746295347
isolation_forest,107,0.40384615384615385,0.2129817444219067,0.22959411746295347
isolation_forest,108,0.35,0.18997912317327767,0.22959411746295347
isolation_forest,109,0.35,0.19117647058823528,0.22959411746295347
isolation_forest,110,0.35,0.19157894736842104,0.22959411746295347
isolation_forest,111,0.35,0.19198312236286919,0.22959411746295347
isolation_forest,112,0.35,0.19238900634249473,0.22959411746295347
isolation_forest,113,0.3346153846153846,0.18550106609808104,0.22959411746295347
isolation_forest,114,0.3230769230769231,0.18025751072961374,0.22959411746295347
isolation_forest,115,0.3230769230769231,0.18064516129032257,0.22959411746295347
isolation_forest,116,0.3153846153846154,0.1771058315334773,0.22959411746295347
isolation_forest,117,0.3153846153846154,0.1774891774891775,0.22959411746295347
isolation_forest,118,0.3038461538461538,0.1721132897603486,0.22959411746295347
isolation_forest,119,0.29615384615384616,0.16849015317286653,0.22959411746295347
isolation_forest,120,0.2692307692307692,0.15555555555555556,0.22959411746295347
isolation_forest,121,0.2692307692307692,0.15625,0.22959411746295347
isolation_forest,122,0.2692307692307692,0.15695067264573992,0.22959411746295347
isolation_forest,123,0.2653846153846154,0.1550561797752809,0.22959411746295347
isolation_forest,124,0.2653846153846154,0.1554054054054054,0.22959411746295347
isolation_forest,125,0.25384615384615383,0.14965986394557823,0.22959411746295347
isolation_forest,126,0.25384615384615383,0.15,0.22959411746295347
isolation_forest,127,0.25,0.1480637813211845,0.22959411746295347
isolation_forest,128,0.25,0.14874141876430205,0.22959411746295347
isolation_forest,129,0.25,0.14908256880733944,0.22959411746295347
isolation_forest,130,0.23076923076923078,0.13921113689095127,0.22959411746295347
isolation_forest,131,0.23076923076923078,0.13953488372093023,0.22959411746295347
isolation_forest,132,0.2230769230769231,0.13551401869158877,0.22959411746295347
isolation_forest,133,0.2230769230769231,0.1358313817330211,0.22959411746295347
isolation_forest,134,0.2230769230769231,0.13615023474178403,0.22959411746295347
isolation_forest,135,0.2230769230769231,0.13647058823529412,0.22959411746295347
isolation_forest,136,0.21923076923076923,0.13443396226415094,0.22959411746295347
isolation_forest,137,0.2076923076923077,0.12826603325415678,0.22959411746295347
isolation_forest,138,0.2076923076923077,0.12857142857142856,0.22959411746295347
isolation_forest,139,0.2,0.12440191387559808,0.22959411746295347
isolation_forest,140,0.19615384615384615,0.1223021582733813,0.22959411746295347
isolation_forest,141,0.17307692307692307,0.10948905109489052,0.22959411746295347
isolation_forest,142,0.16923076923076924,0.1073170731707317,0.22959411746295347
isolation_forest,143,0.16923076923076924,0.10757946210268948,0.22959411746295347
isolation_forest,144,0.1346153846153846,0.0875,0.22959411746295347
isolation_forest,145,0.1346153846153846,0.08771929824561403,0.22959411746295347
isolation_forest,146,0.11538461538461539,0.07614213197969544,0.22959411746295347
isolation_forest,147,0.11538461538461539,0.07672634271099744,0.22959411746295347
isolation_forest,148,0.11538461538461539,0.07731958762886598,0.22959411746295347
isolation_forest,149,0.11538461538461539,0.07751937984496124,0.22959411746295347
isolation_forest,150,0.11538461538461539,0.07853403141361257,0.22959411746295347
isolation_forest,151,0.11538461538461539,0.07894736842105263,0.22959411746295347
isolation_forest,152,0.11538461538461539,0.07936507936507936,0.22959411746295347
isolation_forest,153,0.11153846153846154,0.07692307692307693,0.22959411746295347
isolation_forest,154,0.11153846153846154,0.07712765957446809,0.22959411746295347
isolation_forest,155,0.11153846153846154,0.0777479892761394,0.22959411746295347
isolation_forest,156,0.11153846153846154,0.07795698924731183,0.22959411746295347
isolation_forest,157,0.1076923076923077,0.07547169811320754,0.22959411746295347
isolation_forest,158,0.10384615384615385,0.07297297297297298,0.22959411746295347
isolation_forest,159,0.10384615384615385,0.07336956521739131,0.22959411746295347
isolation_forest,160,0.10384615384615385,0.07356948228882834,0.22959411746295347
isolation_forest,161,0.10384615384615385,0.07397260273972603,0.22959411746295347
isolation_forest,162,0.10384615384615385,0.07458563535911603,0.22959411746295347
isolation_forest,163,0.09615384615384616,0.06944444444444445,0.22959411746295347
isolation_forest,164,0.09615384615384616,0.06963788300835655,0.22959411746295347
isolation_forest,165,0.09615384615384616,0.06983240223463687,0.22959411746295347
isolation_forest,166,0.09615384615384616,0.0700280112044818,0.22959411746295347
isolation_forest,167,0.09615384615384616,0.07042253521126761,0.22959411746295347
isolation_forest,168,0.09615384615384616,0.07062146892655367,0.22959411746295347
isolation_forest,169,0.09615384615384616,0.0708215297450425,0.22959411746295347
isolation_forest,170,0.09615384615384616,0.07122507122507123,0.22959411746295347
isolation_forest,171,0.09230769230769231,0.06857142857142857,0.22959411746295347
isolation_forest,172,0.09230769230769231,0.069164265129683,0.22959411746295347
isolation_forest,173,0.09230769230769231,0.06936416184971098,0.22959411746295347
isolation_forest,174,0.08846153846153847,0.06666666666666667,0.22959411746295347
isolation_forest,175,0.08461538461538462,0.06395348837209303,0.22959411746295347
isolation_forest,176,0.08461538461538462,0.0641399416909621,0.22959411746295347
isolation_forest,177,0.08461538461538462,0.06451612903225806,0.22959411746295347
isolation_forest,178,0.08076923076923077,0.061764705882352944,0.22959411746295347
isolation_forest,179,0.08076923076923077,0.061946902654867256,0.22959411746295347
isolation_forest,180,0.08076923076923077,0.0621301775147929,0.22959411746295347
isolation_forest,181,0.08076923076923077,0.06231454005934718,0.22959411746295347
isolation_forest,182,0.08076923076923077,0.06382978723404255,0.22959411746295347
isolation_forest,183,0.08076923076923077,0.06402439024390244,0.22959411746295347
isolation_forest,184,0.08076923076923077,0.06422018348623854,0.22959411746295347
isolation_forest,185,0.08076923076923077,0.06501547987616099,0.22959411746295347
isolation_forest,186,0.08076923076923077,0.06542056074766354,0.22959411746295347
isolation_forest,187,0.07692307692307693,0.0625,0.22959411746295347
isolation_forest,188,0.07307692307692308,0.05956112852664577,0.22959411746295347
isolation_forest,189,0.06538461538461539,0.05362776025236593,0.22959411746295347
isolation_forest,190,0.06538461538461539,0.05379746835443038,0.22959411746295347
isolation_forest,191,0.06153846153846154,0.050793650793650794,0.22959411746295347
isolation_forest,192,0.06153846153846154,0.050955414012738856,0.22959411746295347
isolation_forest,193,0.06153846153846154,0.05128205128205128,0.22959411746295347
isolation_forest,194,0.06153846153846154,0.05144694533762058,0.22959411746295347
isolation_forest,195,0.05384615384615385,0.045307443365695796,0.22959411746295347
isolation_forest,196,0.046153846153846156,0.03908794788273615,0.22959411746295347
isolation_forest,197,0.046153846153846156,0.0392156862745098,0.22959411746295347
isolation_forest,198,0.04230769230769231,0.036065573770491806,0.22959411746295347
isolation_forest,199,0.04230769230769231,0.03666666666666667,0.22959411746295347
isolation_forest,200,0.04230769230769231,0.03691275167785235,0.22959411746295347
isolation_forest,201,0.04230769230769231,0.037037037037037035,0.22959411746295347
isolation_forest,202,0.038461538461538464,0.033783783783783786,0.22959411746295347
isolation_forest,203,0.038461538461538464,0.034129692832764506,0.22959411746295347
isolation_forest,204,0.03461538461538462,0.030821917808219176,0.22959411746295347
isolation_forest,205,0.03461538461538462,0.03103448275862069,0.22959411746295347
isolation_forest,206,0.03076923076923077,0.02768166089965398,0.22959411746295347
isolation_forest,207,0.03076923076923077,0.027777777777777776,0.22959411746295347
isolation_forest,208,0.026923076923076925,0.024390243902439025,0.22959411746295347
isolation_forest,209,0.026923076923076925,0.024475524475524476,0.22959411746295347
isolation_forest,210,0.026923076923076925,0.024822695035460994,0.22959411746295347
isolation_forest,211,0.026923076923076925,0.025,0.22959411746295347
isolation_forest,212,0.026923076923076925,0.025089605734767026,0.22959411746295347
isolation_forest,213,0.026923076923076925,0.025179856115107913,0.22959411746295347
isolation_forest,214,0.023076923076923078,0.021660649819494584,0.22959411746295347
isolation_forest,215,0.023076923076923078,0.02181818181818182,0.22959411746295347
isolation_forest,216,0.023076923076923078,0.021897810218978103,0.22959411746295347
isolation_forest,217,0.023076923076923078,0.02197802197802198,0.22959411746295347
isolation_forest,218,0.023076923076923078,0.022058823529411766,0.22959411746295347
isolation_forest,219,0.023076923076923078,0.022556390977443608,0.22959411746295347
isolation_forest,220,0.023076923076923078,0.022727272727272728,0.22959411746295347
isolation_forest,221,0.023076923076923078,0.022900763358778626,0.22959411746295347
isolation_forest,222,0.023076923076923078,0.023166023166023165,0.22959411746295347
isolation_forest,223,0.023076923076923078,0.023529411764705882,0.22959411746295347
isolation_forest,224,0.023076923076923078,0.024096385542168676,0.22959411746295347
isolation_forest,225,0.019230769230769232,0.020161290322580645,0.22959411746295347
isolation_forest,226,0.019230769230769232,0.020242914979757085,0.22959411746295347
isolation_forest,227,0.019230769230769232,0.02032520325203252,0.22959411746295347
isolation_forest,228,0.015384615384615385,0.0163265306122449,0.22959411746295347
isolation_forest,229,0.015384615384615385,0.01639344262295082,0.22959411746295347
isolation_forest,230,0.015384615384615385,0.01646090534979424,0.22959411746295347
isolation_forest,231,0.015384615384615385,0.01694915254237288,0.22959411746295347
isolation_forest,232,0.015384615384615385,0.017167381974248927,0.22959411746295347
isolation_forest,233,0.015384615384615385,0.017316017316017316,0.22959411746295347
isolation_forest,234,0.015384615384615385,0.017391304347826087,0.22959411746295347
isolation_forest,235,0.011538461538461539,0.013100436681222707,0.22959411746295347
isolation_forest,236,0.011538461538461539,0.013392857142857142,0.22959411746295347
isolation_forest,237,0.011538461538461539,0.013574660633484163,0.22959411746295347
isolation_forest,238,0.011538461538461539,0.0136986301369863,0.22959411746295347
isolation_forest,239,0.011538461538461539,0.013761467889908258,0.22959411746295347
isolation_forest,240,0.011538461538461539,0.013824884792626729,0.22959411746295347
isolation_forest,241,0.011538461538461539,0.014084507042253521,0.22959411746295347
isolation_forest,242,0.011538461538461539,0.014150943396226415,0.22959411746295347
isolation_forest,243,0.011538461538461539,0.014218009478672985,0.22959411746295347
isolation_forest,244,0.011538461538461539,0.014354066985645933,0.22959411746295347
isolation_forest,245,0.011538461538461539,0.014563106796116505,0.22959411746295347
isolation_forest,246,0.011538461538461539,0.014705882352941176,0.22959411746295347
isolation_forest,247,0.011538461538461539,0.014778325123152709,0.22959411746295347
isolation_forest,248,0.011538461538461539,0.01507537688442211,0.22959411746295347
isolation_forest,249,0.011538461538461539,0.015151515151515152,0.22959411746295347
isolation_forest,250,0.011538461538461539,0.015384615384615385,0.22959411746295347
isolation_forest,251,0.011538461538461539,0.015463917525773196,0.22959411746295347
isolation_forest,252,0.011538461538461539,0.015544041450777202,0.22959411746295347
isolation_forest,253,0.007692307692307693,0.010416666666666666,0.22959411746295347
isolation_forest,254,0.007692307692307693,0.010471204188481676,0.22959411746295347
isolation_forest,255,0.007692307692307693,0.010526315789473684,0.22959411746295347
isolation_forest,256,0.007692307692307693,0.010582010582010581,0.22959411746295347
isolation_forest,257,0.007692307692307693,0.010638297872340425,0.22959411746295347
isolation_forest,258,0.007692307692307693,0.0106951871657754,0.22959411746295347
isolation_forest,259,0.007692307692307693,0.010752688172043012,0.22959411746295347
isolation_forest,260,0.007692307692307693,0.011627906976744186,0.22959411746295347
isolation_forest,261,0.007692307692307693,0.011834319526627219,0.22959411746295347
isolation_forest,262,0.007692307692307693,0.012048192771084338,0.22959411746295347
isolation_forest,263,0.007692307692307693,0.012578616352201259,0.22959411746295347
isolation_forest,264,0.007692307692307693,0.015503875968992248,0.22959411746295347
isolation_forest,265,0.007692307692307693,0.015625,0.22959411746295347
isolation_forest,266,0.007692307692307693,0.016,0.22959411746295347
isolation_forest,267,0.007692307692307693,0.016129032258064516,0.22959411746295347
isolation_forest,268,0.007692307692307693,0.01680672268907563,0.22959411746295347
isolation_forest,269,0.007692307692307693,0.01694915254237288,0.22959411746295347
isolation_forest,270,0.007692307692307693,0.017699115044247787,0.22959411746295347
isolation_forest,271,0.007692307692307693,0.017857142857142856,0.22959411746295347
isolation_forest,272,0.007692307692307693,0.018018018018018018,0.22959411746295347
isolation_forest,273,0.007692307692307693,0.01834862385321101,0.22959411746295347
isolation_forest,274,0.007692307692307693,0.018518518518518517,0.22959411746295347
isolation_forest,275,0.007692307692307693,0.018691588785046728,0.22959411746295347
isolation_forest,276,0.0038461538461538464,0.009433962264150943,0.22959411746295347
isolation_forest,277,0.0038461538461538464,0.009615384615384616,0.22959411746295347
isolation_forest,278,0.0038461538461538464,0.01,0.22959411746295347
isolation_forest,279,0.0038461538461538464,0.010101010101010102,0.22959411746295347
isolation_forest,280,0.0038461538461538464,0.01020408163265306,0.22959411746295347
isolation_forest,281,0.0038461538461538464,0.010309278350515464,0.22959411746295347
isolation_forest,282,0.0038461538461538464,0.010416666666666666,0.22959411746295347
isolation_forest,283,0.0038461538461538464,0.010638297872340425,0.22959411746295347
isolation_forest,284,0.0038461538461538464,0.010869565217391304,0.22959411746295347
isolation_forest,285,0.0038461538461538464,0.01098901098901099,0.22959411746295347
isolation_forest,286,0.0038461538461538464,0.011111111111111112,0.22959411746295347
isolation_forest,287,0.0038461538461538464,0.011235955056179775,0.22959411746295347
isolation_forest,288,0.0038461538461538464,0.011494252873563218,0.22959411746295347
isolation_forest,289,0.0038461538461538464,0.012658227848101266,0.22959411746295347
isolation_forest,290,0.0038461538461538464,0.01282051282051282,0.22959411746295347
isolation_forest,291,0.0038461538461538464,0.012987012987012988,0.22959411746295347
isolation_forest,292,0.0,0.0,0.22959411746295347
isolation_forest,293,0.0,0.0,0.22959411746295347
isolation_forest,294,0.0,0.0,0.22959411746295347
isolation_forest,295,0.0,0.0,0.22959411746295347
isolation_forest,296,0.0,0.0,0.22959411746295347
isolation_forest,297,0.0,0.0,0.22959411746295347
isolation_forest,298,0.0,0.0,0.22959411746295347
isolation_forest,299,0.0,0.0,0.22959411746295347
isolation_forest,300,0.0,0.0,0.22959411746295347
isolation_forest,301,0.0,0.0,0.22959411746295347
isolation_forest,302,0.0,0.0,0.22959411746295347
isolation_forest,303,0.0,0.0,0.22959411746295347
isolation_forest,304,0.0,0.0,0.22959411746295347
isolation_forest,305,0.0,0.0,0.22959411746295347
isolation_forest,306,0.0,0.0,0.22959411746295347
isolation_forest,307,0.0,0.0,0.22959411746295347
isolation_forest,308,0.0,0.0,0.22959411746295347
isolation_forest,309,0.0,0.0,0.22959411746295347
isolation_forest,310,0.0,0.0,0.22959411746295347
isolation_forest,311,0.0,0.0,0.22959411746295347
isolation_forest,312,0.0,0.0,0.22959411746295347
isolation_forest,313,0.0,0.0,0.22959411746295347
isolation_forest,314,0.0,0.0,0.22959411746295347
isolation_forest,315,0.0,0.0,0.22959411746295347
isolation_forest,316,0.0,0.0,0.22959411746295347
isolation_forest,317,0.0,0.0,0.22959411746295347
isolation_forest,318,0.0,0.0,0.22959411746295347
isolation_forest,319,0.0,0.0,0.22959411746295347
isolation_forest,320,0.0,0.0,0.22959411746295347
isolation_forest,321,0.0,0.0,0.22959411746295347
isolation_forest,322,0.0,0.0,0.22959411746295347
isolation_forest,323,0.0,0.0,0.22959411746295347
isolation_forest,324,0.0,0.0,0.22959411746295347
isolation_forest,325,0.0,0.0,0.22959411746295347
isolation_forest,326,0.0,0.0,0.22959411746295347
isolation_forest,327,0.0,0.0,0.22959411746295347
isolation_forest,328,0.0,0.0,0.22959411746295347
isolation_forest,329,0.0,0.0,0.22959411746295347
isolation_forest,330,0.0,0.0,0.22959411746295347
isolation_forest,331,0.0,0.0,0.22959411746295347
isolation_forest,332,0.0,0.0,0.22959411746295347
isolation_forest,333,0.0,0.0,0.22959411746295347
isolation_forest,334,0.0,0.0,0.22959411746295347
isolation_forest,335,0.0,0.0,0.22959411746295347
isolation_forest,336,0.0,0.0,0.22959411746295347
isolation_forest,337,0.0,0.0,0.22959411746295347
isolation_forest,338,0.0,0.0,0.22959411746295347
isolation_forest,339,0.0,0.0,0.22959411746295347
isolation_forest,340,0.0,0.0,0.22959411746295347
isolation_forest,341,0.0,0.0,0.22959411746295347
isolation_forest,342,0.0,0.0,0.22959411746295347
isolation_forest,343,0.0,0.0,0.22959411746295347
isolation_forest,344,0.0,0.0,0.22959411746295347
isolation_forest,345,0.0,0.0,0.22959411746295347
isolation_forest,346,0.0,0.0,0.22959411746295347
isolation_forest,347,0.0,0.0,0.22959411746295347
isolation_forest,348,0.0,0.0,0.22959411746295347
isolation_forest,349,0.0,0.0,0.22959411746295347
isolation_forest,350,0.0,0.0,0.22959411746295347
isolation_forest,351,0.0,0.0,0.22959411746295347
isolation_forest,352,0.0,1.0,0.22959411746295347
lof,0,1.0,0.28602860286028603,0.9966512697717838
lof,1,1.0,0.28761061946902655,0.9966512697717838
lof,2,1.0,0.28792912513842744,0.9966512697717838
lof,3,1.0,0.289210233592881,0.9966512697717838
lof,4,1.0,0.289532293986637,0.9966512697717838
lof,5,1.0,0.29017857142857145,0.9966512697717838
lof,6,1.0,0.2905027932960894,0.9966512697717838
lof,7,1.0,0.2914798206278027,0.9966512697717838
lof,8,1.0,0.29180695847362514,0.9966512697717838
lof,9,1.0,0.29213483146067415,0.9966512697717838
lof,10,1.0,0.29411764705882354,0.9966512697717838
lof,11,1.0,0.2944507361268403,0.9966512697717838
lof,12,1.0,0.29714285714285715,0.9966512697717838
lof,13,1.0,0.29850746268656714,0.9966512697717838
lof,14,1.0,0.2988505747126437,0.9966512697717838
lof,15,1.0,0.2991944764096663,0.9966512697717838
lof,16,1.0,0.2995391705069124,0.9966512697717838
lof,17,1.0,0.3002309468822171,0.9966512697717838
lof,18,1.0,0.30057803468208094,0.9966512697717838
lof,19,1.0,0.3023255813953488,0.9966512697717838
lof,20,1.0,0.30303030303030304,0.9966512697717838
lof,21,1.0,0.3051643192488263,0.9966512697717838
lof,22,1.0,0.30552291421856637,0.9966512697717838
lof,23,1.0,0.30660377358490565,0.9966512697717838
lof,24,1.0,0.3098927294398093,0.9966512697717838
lof,25,1.0,0.3106332138590203,0.9966512697717838
lof,26,1.0,0.31100478468899523,0.9966512697717838
lof,27,1.0,0.3140096618357488,0.9966512697717838
lof,28,1.0,0.3166869671132765,0.9966512697717838
lof,29,1.0,0.31784841075794623,0.9966512697717838
lof,30,1.0,0.31862745098039214,0.9966512697717838
lof,31,1.0,0.31901840490797545,0.9966512697717838
lof,32,1.0,0.3198031980319803,0.9966512697717838
lof,33,1.0,0.32019704433497537,0.9966512697717838
lof,34,1.0,0.322180916976456,0.9966512697717838
lof,35,1.0,0.32338308457711445,0.9966512697717838
lof,36,1.0,0.32459425717852686,0.9966512697717838
lof,37,1.0,0.325,0.9966512697717838
lof,38,1.0,0.327455919395466,0.9966512697717838
lof,39,1.0,0.32786885245901637,0.9966512697717838
lof,40,1.0,0.3282828282828283,0.9966512697717838
lof,41,1.0,0.3303684879288437,0.9966512697717838
lof,42,1.0,0.33290653008962867,0.9966512697717838
lof,43,1.0,0.3341902313624679,0.9966512697717838
lof,44,1.0,0.33462033462033464,0.9966512697717838
lof,45,1.0,0.33505154639175255,0.9966512697717838
lof,46,1.0,0.33548387096774196,0.9966512697717838
lof,47,1.0,0.33722438391699094,0.9966512697717838
lof,48,1.0,0.33766233766233766,0.9966512697717838
lof,49,1.0,0.3381014304291287,0.9966512697717838
lof,50,1.0,0.3385416666666667,0.9966512697717838
lof,51,1.0,0.3389830508474576,0.9966512697717838
lof,52,1.0,0.33986928104575165,0.9966512697717838
lof,53,1.0,0.34210526315789475,0.9966512697717838
lof,54,1.0,0.3425559947299078,0.9966512697717838
lof,55,1.0,0.34620505992010653,0.9966512697717838
lof,56,1.0,0.3466666666666667,0.9966512697717838
lof,57,1.0,0.3471295060080107,0.9966512697717838
lof,58,1.0,0.348993288590604,0.9966512697717838
lof,59,1.0,0.34946236559139787,0.9966512697717838
lof,60,1.0,0.34993270524899056,0.9966512697717838
lof,61,1.0,0.3504043126684636,0.9966512697717838
lof,62,1.0,0.3508771929824561,0.9966512697717838
lof,63,1.0,0.35182679296346414,0.9966512697717838
lof,64,1.0,0.35374149659863946,0.9966512697717838
lof,65,1.0,0.3542234332425068,0.9966512697717838
lof,66,1.0,0.35470668485675305,0.9966512697717838
lof,67,1.0,0.35714285714285715,0.9966512697717838
lof,68,1.0,0.3576341127922971,0.9966512697717838
lof,69,1.0,0.3581267217630854,0.9966512697717838
lof,70,1.0,0.35911602209944754,0.9966512697717838
lof,71,1.0,0.3606102635228849,0.9966512697717838
lof,72,1.0,0.3616133518776078,0.9966512697717838
lof,73,1.0,0.36363636363636365,0.9966512697717838
lof,74,1.0,0.3641456582633053,0.9966512697717838
lof,75,1.0,0.36879432624113473,0.9966512697717838
lof,76,1.0,0.37037037037037035,0.9966512697717838
lof,77,1.0,0.37142857142857144,0.9966512697717838
lof,78,1.0,0.37410071942446044,0.9966512697717838
lof,79,1.0,0.37518037518037517,0.9966512697717838
lof,80,1.0,0.37572254335260113,0.9966512697717838
lof,81,1.0,0.37735849056603776,0.9966512697717838
lof,82,1.0,0.37790697674418605,0.9966512697717838
lof,83,1.0,0.3784570596797671,0.9966512697717838
lof,84,1.0,0.37900874635568516,0.9966512697717838
lof,85,1.0,0.3795620437956204,0.9966512697717838
lof,86,1.0,0.38011695906432746,0.9966512697717838
lof,87,1.0,0.3806734992679356,0.9966512697717838
lof,88,1.0,0.3812316715542522,0.9966512697717838
lof,89,1.0,0.38179148311306904,0.9966512697717838
lof,90,1.0,0.38404726735598227,0.9966512697717838
lof,91,1.0,0.38461538461538464,0.9966512697717838
lof,92,1.0,0.3880597014925373,0.9966512697717838
lof,93,1.0,0.38922155688622756,0.9966512697717838
lof,94,1.0,0.38980509745127434,0.9966512697717838
lof,95,1.0,0.39039039039039036,0.9966512697717838
lof,96,1.0,0.39097744360902253,0.9966512697717838
lof,97,1.0,0.39274924471299094,0.9966512697717838
lof,98,1.0,0.39334341906202724,0.9966512697717838
lof,99,1.0,0.3939393939393939,0.9966512697717838
lof,100,1.0,0.395738203957382,0.9966512697717838
lof,101,1.0,0.39634146341463417,0.9966512697717838
lof,102,1.0,0.39755351681957185,0.9966512697717838
lof,103,1.0,0.3987730061349693,0.9966512697717838
lof,104,1.0,0.39938556067588327,0.9966512697717838
lof,105,1.0,0.4012345679012346,0.9966512697717838
lof,106,1.0,0.4024767801857585,0.9966512697717838
lof,107,1.0,0.40372670807453415,0.9966512697717838
lof,108,1.0,0.40561622464898595,0.9966512697717838
lof,109,1.0,0.40752351097178685,0.9966512697717838
lof,110,1.0,0.40816326530612246,0.9966512697717838
lof,111,1.0,0.4088050314465409,0.9966512697717838
lof,112,1.0,0.41009463722397477,0.9966512697717838
lof,113,1.0,0.4107424960505529,0.9966512697717838
lof,114,1.0,0.4133545310015898,0.9966512697717838
lof,115,1.0,0.4140127388535032,0.9966512697717838
lof,116,1.0,0.4166666666666667,0.9966512697717838
lof,117,1.0,0.41935483870967744,0.9966512697717838
lof,118,1.0,0.42071197411003236,0.9966512697717838
lof,119,1.0,0.42207792207792205,0.9966512697717838
lof,120,1.0,0.42276422764227645,0.9966512697717838
lof,121,1.0,0.4262295081967213,0.9966512697717838
lof,122,1.0,0.4269293924466338,0.9966512697717838
lof,123,1.0,0.4276315789473684,0.9966512697717838
lof,124,1.0,0.42833607907743,0.9966512697717838
lof,125,1.0,0.429042904290429,0.9966512697717838
lof,126,1.0,0.4297520661157025,0.9966512697717838
lof,127,1.0,0.4304635761589404,0.9966512697717838
lof,128,1.0,0.4311774461028192,0.9966512697717838
lof,129,1.0,0.4318936877076412,0.9966512697717838
lof,130,1.0,0.43261231281198004,0.9966512697717838
lof,131,1.0,0.43333333333333335,0.9966512697717838
lof,132,1.0,0.4355108877721943,0.9966512697717838
lof,133,1.0,0.4377104377104377,0.9966512697717838
lof,134,1.0,0.43844856661045534,0.9966512697717838
lof,135,1.0,0.4391891891891892,0.9966512697717838
lof,136,1.0,0.4421768707482993,0.9966512697717838
lof,137,1.0,0.44293015332197616,0.9966512697717838
lof,138,1.0,0.4452054794520548,0.9966512697717838
lof,139,1.0,0.44596912521440824,0.9966512697717838
lof,140,1.0,0.4475043029259897,0.9966512697717838
lof,141,1.0,0.4482758620689655,0.9966512697717838
lof,142,1.0,0.44905008635578586,0.9966512697717838
lof,143,1.0,0.4506065857885615,0.9966512697717838
lof,144,1.0,0.45217391304347826,0.9966512697717838
lof,145,1.0,0.4529616724738676,0.9966512697717838
lof,146,1.0,0.46345811051693403,0.9966512697717838
lof,147,1.0,0.4642857142857143,0.9966512697717838
lof,148,1.0,0.466786355475763,0.9966512697717838
lof,149,1.0,0.4676258992805755,0.9966512697717838
lof,150,1.0,0.46846846846846846,0.9966512697717838
lof,151,1.0,0.4693140794223827,0.9966512697717838
lof,152,1.0,0.47186932849364793,0.9966512697717838
lof,153,1.0,0.4727272727272727,0.9966512697717838
lof,154,1.0,0.4744525547445255,0.9966512697717838
lof,155,1.0,0.4753199268738574,0.9966512697717838
lof,156,1.0,0.47619047619047616,0.9966512697717838
lof,157,1.0,0.47794117647058826,0.9966512697717838
lof,158,1.0,0.47882136279926335,0.9966512697717838
lof,159,1.0,0.4797047970479705,0.9966512697717838
lof,160,1.0,0.48148148148148145,0.9966512697717838
lof,161,1.0,0.48237476808905383,0.9966512697717838
lof,162,1.0,0.483271375464684,0.9966512697717838
lof,163,1.0,0.48417132216014896,0.9966512697717838
lof,164,1.0,0.48872180451127817,0.9966512697717838
lof,165,1.0,0.4896421845574388,0.9966512697717838
lof,166,1.0,0.49056603773584906,0.9966512697717838
lof,167,1.0,0.49242424242424243,0.9966512697717838
lof,168,1.0,0.49335863377609107,0.9966512697717838
lof,169,1.0,0.49429657794676807,0.9966512697717838
lof,170,1.0,0.49523809523809526,0.9966512697717838
lof,171,1.0,0.4961832061068702,0.9966512697717838
lof,172,1.0,0.4990403071017274,0.9966512697717838
lof,173,1.0,0.5,0.9966512697717838
lof,174,1.0,0.5019305019305019,0.9966512697717838
lof,175,1.0,0.5029013539651838,0.9966512697717838
lof,176,1.0,0.5048543689320388,0.9966512697717838
lof,177,1.0,0.5058365758754864,0.9966512697717838
lof,178,1.0,0.50682261208577,0.9966512697717838
lof,179,1.0,0.5078125,0.9966512697717838
lof,180,1.0,0.5098039215686274,0.9966512697717838
lof,181,1.0,0.5138339920948617,0.9966512697717838
lof,182,1.0,0.5220883534136547,0.9966512697717838
lof,183,1.0,0.5231388329979879,0.9966512697717838
lof,184,1.0,0.5263157894736842,0.9966512697717838
lof,185,1.0,0.5284552845528455,0.9966512697717838
lof,186,1.0,0.5295315682281059,0.9966512697717838
lof,187,1.0,0.5306122448979592,0.9966512697717838
lof,188,1.0,0.5316973415132924,0.9966512697717838
lof,189,1.0,0.5338809034907598,0.9966512697717838
lof,190,1.0,0.5383022774327122,0.9966512697717838
lof,191,1.0,0.5405405405405406,0.9966512697717838
lof,192,1.0,0.5450733752620545,0.9966512697717838
lof,193,1.0,0.5462184873949579,0.9966512697717838
lof,194,1.0,0.5473684210526316,0.9966512697717838
lof,195,1.0,0.5485232067510548,0.9966512697717838
lof,196,1.0,0.5508474576271186,0.9966512697717838
lof,197,1.0,0.5520169851380042,0.9966512697717838
lof,198,1.0,0.5531914893617021,0.9966512697717838
lof,199,1.0,0.5543710021321961,0.9966512697717838
lof,200,1.0,0.5555555555555556,0.9966512697717838
lof,201,1.0,0.5579399141630901,0.9966512697717838
lof,202,1.0,0.5603448275862069,0.9966512697717838
lof,203,1.0,0.5615550755939525,0.9966512697717838
lof,204,1.0,0.5627705627705628,0.9966512697717838
lof,205,1.0,0.5701754385964912,0.9966512697717838
lof,206,1.0,0.5714285714285714,0.9966512697717838
lof,207,1.0,0.5726872246696035,0.9966512697717838
lof,208,1.0,0.5752212389380531,0.9966512697717838
lof,209,1.0,0.5764966740576497,0.9966512697717838
lof,210,1.0,0.5777777777777777,0.9966512697717838
lof,211,1.0,0.5855855855855856,0.9966512697717838
lof,212,1.0,0.5882352941176471,0.9966512697717838
lof,213,1.0,0.593607305936073,0.9966512697717838
lof,214,1.0,0.5990783410138248,0.9966512697717838
lof,215,1.0,0.6004618937644342,0.9966512697717838
lof,216,1.0,0.6032482598607889,0.9966512697717838
lof,217,1.0,0.6060606060606061,0.9966512697717838
lof,218,1.0,0.6103286384976526,0.9966512697717838
lof,219,1.0,0.6146572104018913,0.9966512697717838
lof,220,1.0,0.6161137440758294,0.9966512697717838
lof,221,1.0,0.6175771971496437,0.9966512697717838
lof,222,1.0,0.6190476190476191,0.9966512697717838
lof,223,1.0,0.6205250596658711,0.9966512697717838
lof,224,1.0,0.6220095693779905,0.9966512697717838
lof,225,1.0,0.6235011990407674,0.9966512697717838
lof,226,1.0,0.6265060240963856,0.9966512697717838
lof,227,1.0,0.6295399515738499,0.9966512697717838
lof,228,1.0,0.6310679611650486,0.9966512697717838
lof,229,1.0,0.6356968215158925,0.9966512697717838
lof,230,1.0,0.6388206388206388,0.9966512697717838
lof,231,1.0,0.6403940886699507,0.9966512697717838
lof,232,1.0,0.6516290726817042,0.9966512697717838
lof,233,1.0,0.6532663316582915,0.9966512697717838
lof,234,1.0,0.6565656565656566,0.9966512697717838
lof,235,1.0,0.6582278481012658,0.9966512697717838
lof,236,1.0,0.6615776081424937,0.9966512697717838
lof,237,1.0,0.6701030927835051,0.9966512697717838
lof,238,1.0,0.6735751295336787,0.9966512697717838
lof,239,1.0,0.6788511749347258,0.9966512697717838
lof,240,1.0,0.680628272251309,0.9966512697717838
lof,241,1.0,0.6842105263157895,0.9966512697717838
lof,242,1.0,0.6896551724137931,0.9966512697717838
lof,243,1.0,0.6970509383378016,0.9966512697717838
lof,244,1.0,0.6989247311827957,0.9966512697717838
lof,245,1.0,0.7008086253369272,0.9966512697717838
lof,246,1.0,0.7027027027027027,0.9966512697717838
lof,247,1.0,0.7084468664850136,0.9966512697717838
lof,248,1.0,0.7103825136612022,0.9966512697717838
lof,249,1.0,0.7142857142857143,0.9966512697717838
lof,250,1.0,0.7162534435261708,0.9966512697717838
lof,251,1.0,0.7303370786516854,0.9966512697717838
lof,252,1.0,0.7344632768361582,0.9966512697717838
lof,253,1.0,0.7365439093484419,0.9966512697717838
lof,254,1.0,0.7471264367816092,0.9966512697717838
lof,255,1.0,0.7492795389048992,0.9966512697717838
lof,256,1.0,0.7558139534883721,0.9966512697717838
lof,257,1.0,0.7580174927113703,0.9966512697717838
lof,258,1.0,0.7602339181286549,0.9966512697717838
lof,259,1.0,0.7647058823529411,0.9966512697717838
lof,260,1.0,0.7669616519174042,0.9966512697717838
lof,261,1.0,0.771513353115727,0.9966512697717838
lof,262,1.0,0.804953560371517,0.9966512697717838
lof,263,1.0,0.8074534161490683,0.9966512697717838
lof,264,1.0,0.8099688473520249,0.9966512697717838
lof,265,1.0,0.8176100628930818,0.9966512697717838
lof,266,1.0,0.8201892744479495,0.9966512697717838
lof,267,1.0,0.8227848101265823,0.9966512697717838
lof,268,1.0,0.8306709265175719,0.9966512697717838
lof,269,1.0,0.8333333333333334,0.9966512697717838
lof,270,1.0,0.8360128617363344,0.9966512697717838
lof,271,1.0,0.9090909090909091,0.9966512697717838
lof,272,0.9961538461538462,0.9087719298245615,0.9966512697717838
lof,273,0.9961538461538462,0.9119718309859155,0.9966512697717838
lof,274,0.9923076923076923,0.911660777385159,0.9966512697717838
lof,275,0.9923076923076923,0.9148936170212766,0.9966512697717838
lof,276,0.9923076923076923,0.9181494661921709,0.9966512697717838
lof,277,0.9923076923076923,0.9214285714285714,0.9966512697717838
lof,278,0.9923076923076923,0.9280575539568345,0.9966512697717838
lof,279,0.9884615384615385,0.927797833935018,0.9966512697717838
lof,280,0.9846153846153847,0.927536231884058,0.9966512697717838
lof,281,0.9846153846153847,0.9309090909090909,0.9966512697717838
lof,282,0.9807692307692307,0.9306569343065694,0.9966512697717838
lof,283,0.9807692307692307,0.9340659340659341,0.9966512697717838
lof,284,0.9807692307692307,0.9514925373134329,0.9966512697717838
lof,285,0.9807692307692307,0.9550561797752809,0.9966512697717838
lof,286,0.9769230769230769,0.9548872180451128,0.9966512697717838
lof,287,0.9730769230769231,0.9547169811320755,0.9966512697717838
lof,288,0.9730769230769231,0.9583333333333334,0.9966512697717838
lof,289,0.9692307692307692,0.9581749049429658,0.9966512697717838
lof,290,0.9653846153846154,0.9580152671755725,0.9966512697717838
lof,291,0.9576923076923077,0.9576923076923077,0.9966512697717838
lof,292,0.9538461538461539,0.9575289575289575,0.9966512697717838
lof,293,0.9538461538461539,0.9649805447470817,0.9966512697717838
lof,294,0.9538461538461539,0.96875,0.9966512697717838
lof,295,0.9538461538461539,0.9725490196078431,0.9966512697717838
lof,296,0.95,0.9724409448818898,0.9966512697717838
lof,297,0.95,0.9762845849802372,0.9966512697717838
lof,298,0.9461538461538461,0.9761904761904762,0.9966512697717838
lof,299,0.9384615384615385,0.976,0.9966512697717838
lof,300,0.9384615384615385,0.9799196787148594,0.9966512697717838
lof,301,0.9384615384615385,0.9838709677419355,0.9966512697717838
lof,302,0.9384615384615385,0.9878542510121457,0.9966512697717838
lof,303,0.9346153846153846,0.9878048780487805,0.9966512697717838
lof,304,0.926923076923077,0.9877049180327869,0.9966512697717838
lof,305,0.9230769230769231,0.9876543209876543,0.9966512697717838
lof,306,0.9192307692307692,0.987603305785124,0.9966512697717838
lof,307,0.9192307692307692,0.991701244813278,0.9966512697717838
lof,308,0.9192307692307692,0.9958333333333333,0.9966512697717838
lof,309,0.9115384615384615,0.9957983193277311,0.9966512697717838
lof,310,0.9038461538461539,0.9957627118644068,0.9966512697717838
lof,311,0.9038461538461539,1.0,0.9966512697717838
lof,312,0.8961538461538462,1.0,0.9966512697717838
lof,313,0.8923076923076924,1.0,0.9966512697717838
lof,314,0.8884615384615384,1.0,0.9966512697717838
lof,315,0.8846153846153846,1.0,0.9966512697717838
lof,316,0.8615384615384616,1.0,0.9966512697717838
lof,317,0.8576923076923076,1.0,0.9966512697717838
lof,318,0.8538461538461538,1.0,0.9966512697717838
lof,319,0.8384615384615385,1.0,0.9966512697717838
lof,320,0.8346153846153846,1.0,0.9966512697717838
lof,321,0.823076923076923,1.0,0.9966512697717838
lof,322,0.8153846153846154,1.0,0.9966512697717838
lof,323,0.8038461538461539,1.0,0.9966512697717838
lof,324,0.8,1.0,0.9966512697717838
lof,325,0.7923076923076923,1.0,0.9966512697717838
lof,326,0.7615384615384615,1.0,0.9966512697717838
lof,327,0.7576923076923077,1.0,0.9966512697717838
lof,328,0.7461538461538462,1.0,0.9966512697717838
lof,329,0.7,1.0,0.9966512697717838
lof,330,0.6961538461538461,1.0,0.9966512697717838
lof,331,0.6923076923076923,1.0,0.9966512697717838
lof,332,0.6730769230769231,1.0,0.9966512697717838
lof,333,0.65,1.0,0.9966512697717838
lof,334,0.6423076923076924,1.0,0.9966512697717838
lof,335,0.6307692307692307,1.0,0.9966512697717838
lof,336,0.5769230769230769,1.0,0.9966512697717838
lof,337,0.573076923076923,1.0,0.9966512697717838
lof,338,0.5692307692307692,1.0,0.9966512697717838
lof,339,0.5653846153846154,1.0,0.9966512697717838
lof,340,0.5192307692307693,1.0,0.9966512697717838
lof,341,0.5153846153846153,1.0,0.9966512697717838
lof,342,0.5115384615384615,1.0,0.9966512697717838
lof,343,0.46923076923076923,1.0,0.9966512697717838
lof,344,0.45,1.0,0.9966512697717838
lof,345,0.3769230769230769,1.0,0.9966512697717838
lof,346,0.36923076923076925,1.0,0.9966512697717838
lof,347,0.36538461538461536,1.0,0.9966512697717838
lof,348,0.31153846153846154,1.0,0.9966512697717838
lof,349,0.3076923076923077,1.0,0.9966512697717838
lof,350,0.3038461538461538,1.0,0.9966512697717838
lof,351,0.25769230769230766,1.0,0.9966512697717838
lof,352,0.25,1.0,0.9966512697717838
lof,353,0.18461538461538463,1.0,0.9966512697717838
lof,354,0.1346153846153846,1.0,0.9966512697717838
lof,355,0.12692307692307692,1.0,0.9966512697717838
lof,356,0.12307692307692308,1.0,0.9966512697717838
lof,357,0.09615384615384616,1.0,0.9966512697717838
lof,358,0.08076923076923077,1.0,0.9966512697717838
lof,359,0.07692307692307693,1.0,0.9966512697717838
lof,360,0.06153846153846154,1.0,0.9966512697717838
lof,361,0.026923076923076925,1.0,0.9966512697717838
lof,362,0.019230769230769232,1.0,0.9966512697717838
lof,363,0.015384615384615385,1.0,0.9966512697717838
lof,364,0.007692307692307693,1.0,0.9966512697717838
lof,365,0.0038461538461538464,1.0,0.9966512697717838
lof,366,0.0,1.0,0.9966512697717838
ocsvm,0,1.0,0.28602860286028603,0.9994002422494758
ocsvm,1,1.0,0.28634361233480177,0.9994002422494758
ocsvm,2,1.0,0.287292817679558,0.9994002422494758
ocsvm,3,1.0,0.289210233592881,0.9994002422494758
ocsvm,4,1.0,0.29017857142857145,0.9994002422494758
ocsvm,5,1.0,0.2927927927927928,0.9994002422494758
ocsvm,6,1.0,0.29511918274687854,0.9994002422494758
ocsvm,7,1.0,0.29782359679266895,0.9994002422494758
ocsvm,8,1.0,0.2988505747126437,0.9994002422494758
ocsvm,9,1.0,0.2995391705069124,0.9994002422494758
ocsvm,10,1.0,0.30057803468208094,0.9994002422494758
ocsvm,11,1.0,0.30127462340672073,0.9994002422494758
ocsvm,12,1.0,0.30197444831591175,0.9994002422494758
ocsvm,13,1.0,0.30409356725146197,0.9994002422494758
ocsvm,14,1.0,0.3051643192488263,0.9994002422494758
ocsvm,15,1.0,0.30624263839811544,0.9994002422494758
ocsvm,16,1.0,0.30660377358490565,0.9994002422494758
ocsvm,17,1.0,0.3069657615112161,0.9994002422494758
ocsvm,18,1.0,0.3091557669441142,0.9994002422494758
ocsvm,19,1.0,0.3098927294398093,0.9994002422494758
ocsvm,20,1.0,0.31137724550898205,0.9994002422494758
ocsvm,21,1.0,0.3117505995203837,0.9994002422494758
ocsvm,22,1.0,0.3132530120481928,0.9994002422494758
ocsvm,23,1.0,0.3140096618357488,0.9994002422494758
ocsvm,24,1.0,0.31630170316301703,0.9994002422494758
ocsvm,25,1.0,0.3198031980319803,0.9994002422494758
ocsvm,26,1.0,0.32019704433497537,0.9994002422494758
ocsvm,27,1.0,0.3205918618988903,0.9994002422494758
ocsvm,28,1.0,0.3217821782178218,0.9994002422494758
ocsvm,29,1.0,0.32378580323785805,0.9994002422494758
ocsvm,30,1.0,0.3258145363408521,0.9994002422494758
ocsvm,31,1.0,0.32622333751568383,0.9994002422494758
ocsvm,32,1.0,0.32786885245901637,0.9994002422494758
ocsvm,33,1.0,0.3291139240506329,0.9994002422494758
ocsvm,34,1.0,0.32953105196451205,0.9994002422494758
ocsvm,35,1.0,0.3303684879288437,0.9994002422494758
ocsvm,36,1.0,0.33078880407124683,0.9994002422494758
ocsvm,37,1.0,0.33121019108280253,0.9994002422494758
ocsvm,38,1.0,0.3333333333333333,0.9994002422494758
ocsvm,39,1.0,0.33548387096774196,0.9994002422494758
ocsvm,40,1.0,0.33722438391699094,0.9994002422494758
ocsvm,41,1.0,0.33766233766233766,0.9994002422494758
ocsvm,42,1.0,0.3385416666666667,0.9994002422494758
ocsvm,43,1.0,0.3389830508474576,0.9994002422494758
ocsvm,44,1.0,0.3403141361256545,0.9994002422494758
ocsvm,45,1.0,0.34076015727391873,0.9994002422494758
ocsvm,46,1.0,0.3416557161629435,0.9994002422494758
ocsvm,47,1.0,0.34346103038309117,0.9994002422494758
ocsvm,48,1.0,0.3439153439153439,0.9994002422494758
ocsvm,49,1.0,0.3443708609271523,0.9994002422494758
ocsvm,50,1.0,0.3452855245683931,0.9994002422494758
ocsvm,51,1.0,0.3466666666666667,0.9994002422494758
ocsvm,52,1.0,0.34805890227576974,0.9994002422494758
ocsvm,53,1.0,0.3485254691689008,0.9994002422494758
ocsvm,54,1.0,0.348993288590604,0.9994002422494758
ocsvm,55,1.0,0.34946236559139787,0.9994002422494758
ocsvm,56,1.0,0.34993270524899056,0.9994002422494758
ocsvm,57,1.0,0.3508771929824561,0.9994002422494758
ocsvm,58,1.0,0.35182679296346414,0.9994002422494758
ocsvm,59,1.0,0.3523035230352303,0.9994002422494758
ocsvm,60,1.0,0.3532608695652174,0.9994002422494758
ocsvm,61,1.0,0.35374149659863946,0.9994002422494758
ocsvm,62,1.0,0.3542234332425068,0.9994002422494758
ocsvm,63,1.0,0.35714285714285715,0.9994002422494758
ocsvm,64,1.0,0.3576341127922971,0.9994002422494758
ocsvm,65,1.0,0.3586206896551724,0.9994002422494758
ocsvm,66,1.0,0.3606102635228849,0.9994002422494758
ocsvm,67,1.0,0.36262203626220363,0.9994002422494758
ocsvm,68,1.0,0.36312849162011174,0.9994002422494758
ocsvm,69,1.0,0.36363636363636365,0.9994002422494758
ocsvm,70,1.0,0.3641456582633053,0.9994002422494758
ocsvm,71,1.0,0.3651685393258427,0.9994002422494758
ocsvm,72,1.0,0.36775106082036774,0.9994002422494758
ocsvm,73,1.0,0.36827195467422097,0.9994002422494758
ocsvm,74,1.0,0.36984352773826457,0.9994002422494758
ocsvm,75,1.0,0.37037037037037035,0.9994002422494758
ocsvm,76,1.0,0.37089871611982883,0.9994002422494758
ocsvm,77,1.0,0.37142857142857144,0.9994002422494758
ocsvm,78,1.0,0.37249283667621774,0.9994002422494758
ocsvm,79,1.0,0.37302725968436157,0.9994002422494758
ocsvm,80,1.0,0.37410071942446044,0.9994002422494758
ocsvm,81,1.0,0.37681159420289856,0.9994002422494758
ocsvm,82,1.0,0.3795620437956204,0.9994002422494758
ocsvm,83,1.0,0.38011695906432746,0.9994002422494758
ocsvm,84,1.0,0.3812316715542522,0.9994002422494758
ocsvm,85,1.0,0.38235294117647056,0.9994002422494758
ocsvm,86,1.0,0.38291605301914583,0.9994002422494758
ocsvm,87,1.0,0.3851851851851852,0.9994002422494758
ocsvm,88,1.0,0.3857566765578635,0.9994002422494758
ocsvm,89,1.0,0.3869047619047619,0.9994002422494758
ocsvm,90,1.0,0.38748137108792846,0.9994002422494758
ocsvm,91,1.0,0.3880597014925373,0.9994002422494758
ocsvm,92,1.0,0.38863976083707025,0.9994002422494758
ocsvm,93,1.0,0.38980509745127434,0.9994002422494758
ocsvm,94,1.0,0.39097744360902253,0.9994002422494758
ocsvm,95,1.0,0.39215686274509803,0.9994002422494758
ocsvm,96,1.0,0.39274924471299094,0.9994002422494758
ocsvm,97,1.0,0.39334341906202724,0.9994002422494758
ocsvm,98,1.0,0.395738203957382,0.9994002422494758
ocsvm,99,1.0,0.39938556067588327,0.9994002422494758
ocsvm,100,1.0,0.4,0.9994002422494758
ocsvm,101,1.0,0.40061633281972264,0.9994002422494758
ocsvm,102,1.0,0.40310077519379844,0.9994002422494758
ocsvm,103,1.0,0.40435458786936235,0.9994002422494758
ocsvm,104,1.0,0.40498442367601245,0.9994002422494758
ocsvm,105,1.0,0.40625,0.9994002422494758
ocsvm,106,1.0,0.4107424960505529,0.9994002422494758
ocsvm,107,1.0,0.41139240506329117,0.9994002422494758
ocsvm,108,1.0,0.4140127388535032,0.9994002422494758
ocsvm,109,1.0,0.41533546325878595,0.9994002422494758
ocsvm,110,1.0,0.416,0.9994002422494758
ocsvm,111,1.0,0.4166666666666667,0.9994002422494758
ocsvm,112,1.0,0.4173354735152488,0.9994002422494758
ocsvm,113,1.0,0.4180064308681672,0.9994002422494758
ocsvm,114,1.0,0.42207792207792205,0.9994002422494758
ocsvm,115,1.0,0.4234527687296417,0.9994002422494758
ocsvm,116,1.0,0.42414355628058725,0.9994002422494758
ocsvm,117,1.0,0.4276315789473684,0.9994002422494758
ocsvm,118,1.0,0.4297520661157025,0.9994002422494758
ocsvm,119,1.0,0.4304635761589404,0.9994002422494758
ocsvm,120,1.0,0.4311774461028192,0.9994002422494758
ocsvm,121,1.0,0.4318936877076412,0.9994002422494758
ocsvm,122,1.0,0.43261231281198004,0.9994002422494758
ocsvm,123,1.0,0.43844856661045534,0.9994002422494758
ocsvm,124,1.0,0.4406779661016949,0.9994002422494758
ocsvm,125,1.0,0.4452054794520548,0.9994002422494758
ocsvm,126,1.0,0.44596912521440824,0.9994002422494758
ocsvm,127,1.0,0.44673539518900346,0.9994002422494758
ocsvm,128,1.0,0.4475043029259897,0.9994002422494758
ocsvm,129,1.0,0.4529616724738676,0.9994002422494758
ocsvm,130,1.0,0.4553415061295972,0.9994002422494758
ocsvm,131,1.0,0.45614035087719296,0.9994002422494758
ocsvm,132,1.0,0.45774647887323944,0.9994002422494758
ocsvm,133,1.0,0.46017699115044247,0.9994002422494758
ocsvm,134,1.0,0.46099290780141844,0.9994002422494758
ocsvm,135,1.0,0.46181172291296624,0.9994002422494758
ocsvm,136,1.0,0.46511627906976744,0.9994002422494758
ocsvm,137,1.0,0.4659498207885305,0.9994002422494758
ocsvm,138,1.0,0.46846846846846846,0.9994002422494758
ocsvm,139,1.0,0.4693140794223827,0.9994002422494758
ocsvm,140,1.0,0.47358834244080145,0.9994002422494758
ocsvm,141,1.0,0.4753199268738574,0.9994002422494758
ocsvm,142,1.0,0.47794117647058826,0.9994002422494758
ocsvm,143,1.0,0.4797047970479705,0.9994002422494758
ocsvm,144,1.0,0.48417132216014896,0.9994002422494758
ocsvm,145,1.0,0.48507462686567165,0.9994002422494758
ocsvm,146,1.0,0.48598130841121495,0.9994002422494758
ocsvm,147,1.0,0.48872180451127817,0.9994002422494758
ocsvm,148,1.0,0.4896421845574388,0.9994002422494758
ocsvm,149,1.0,0.49242424242424243,0.9994002422494758
ocsvm,150,1.0,0.49523809523809526,0.9994002422494758
ocsvm,151,1.0,0.5019305019305019,0.9994002422494758
ocsvm,152,1.0,0.50682261208577,0.9994002422494758
ocsvm,153,1.0,0.5078125,0.9994002422494758
ocsvm,154,1.0,0.5220883534136547,0.9994002422494758
ocsvm,155,1.0,0.5241935483870968,0.9994002422494758
ocsvm,156,1.0,0.5252525252525253,0.9994002422494758
ocsvm,157,1.0,0.5263157894736842,0.9994002422494758
ocsvm,158,1.0,0.5273833671399595,0.9994002422494758
ocsvm,159,1.0,0.5284552845528455,0.9994002422494758
ocsvm,160,1.0,0.5295315682281059,0.9994002422494758
ocsvm,161,1.0,0.5306122448979592,0.9994002422494758
ocsvm,162,1.0,0.5327868852459017,0.9994002422494758
ocsvm,163,1.0,0.5338809034907598,0.9994002422494758
ocsvm,164,1.0,0.5349794238683128,0.9994002422494758
ocsvm,165,1.0,0.5394190871369294,0.9994002422494758
ocsvm,166,1.0,0.5427974947807933,0.9994002422494758
ocsvm,167,1.0,0.5473684210526316,0.9994002422494758
ocsvm,168,1.0,0.5508474576271186,0.9994002422494758
ocsvm,169,1.0,0.5543710021321961,0.9994002422494758
ocsvm,170,1.0,0.5555555555555556,0.9994002422494758
ocsvm,171,1.0,0.5579399141630901,0.9994002422494758
ocsvm,172,1.0,0.5603448275862069,0.9994002422494758
ocsvm,173,1.0,0.5615550755939525,0.9994002422494758
ocsvm,174,1.0,0.5627705627705628,0.9994002422494758
ocsvm,175,1.0,0.5652173913043478,0.9994002422494758
ocsvm,176,1.0,0.5701754385964912,0.9994002422494758
ocsvm,177,1.0,0.5726872246696035,0.9994002422494758
ocsvm,178,1.0,0.5739514348785872,0.9994002422494758
ocsvm,179,1.0,0.5752212389380531,0.9994002422494758
ocsvm,180,1.0,0.5764966740576497,0.9994002422494758
ocsvm,181,1.0,0.5777777777777777,0.9994002422494758
ocsvm,182,1.0,0.5803571428571429,0.9994002422494758
ocsvm,183,1.0,0.5829596412556054,0.9994002422494758
ocsvm,184,1.0,0.5842696629213483,0.9994002422494758
ocsvm,185,1.0,0.5909090909090909,0.9994002422494758
ocsvm,186,1.0,0.592255125284738,0.9994002422494758
ocsvm,187,1.0,0.5949656750572082,0.9994002422494758
ocsvm,188,1.0,0.5963302752293578,0.9994002422494758
ocsvm,189,1.0,0.6004618937644342,0.9994002422494758
ocsvm,190,1.0,0.6018518518518519,0.9994002422494758
ocsvm,191,1.0,0.6032482598607889,0.9994002422494758
ocsvm,192,1.0,0.6074766355140186,0.9994002422494758
ocsvm,193,1.0,0.6088992974238876,0.9994002422494758
ocsvm,194,1.0,0.611764705882353,0.9994002422494758
ocsvm,195,1.0,0.6132075471698113,0.9994002422494758
ocsvm,196,1.0,0.6175771971496437,0.9994002422494758
ocsvm,197,1.0,0.6190476190476191,0.9994002422494758
ocsvm,198,1.0,0.6205250596658711,0.9994002422494758
ocsvm,199,1.0,0.6220095693779905,0.9994002422494758
ocsvm,200,1.0,0.625,0.9994002422494758
ocsvm,201,1.0,0.6280193236714976,0.9994002422494758
ocsvm,202,1.0,0.6295399515738499,0.9994002422494758
ocsvm,203,1.0,0.6701030927835051,0.9994002422494758
ocsvm,204,1.0,0.6718346253229974,0.9994002422494758
ocsvm,205,1.0,0.6735751295336787,0.9994002422494758
ocsvm,206,1.0,0.6824146981627297,0.9994002422494758
ocsvm,207,1.0,0.6878306878306878,0.9994002422494758
ocsvm,208,1.0,0.6896551724137931,0.9994002422494758
ocsvm,209,1.0,0.6914893617021277,0.9994002422494758
ocsvm,210,1.0,0.6951871657754011,0.9994002422494758
ocsvm,211,1.0,0.7008086253369272,0.9994002422494758
ocsvm,212,1.0,0.7027027027027027,0.9994002422494758
ocsvm,213,1.0,0.7046070460704607,0.9994002422494758
ocsvm,214,1.0,0.7065217391304348,0.9994002422494758
ocsvm,215,1.0,0.7084468664850136,0.9994002422494758
ocsvm,216,1.0,0.7123287671232876,0.9994002422494758
ocsvm,217,1.0,0.7142857142857143,0.9994002422494758
ocsvm,218,1.0,0.7162534435261708,0.9994002422494758
ocsvm,219,1.0,0.7182320441988951,0.9994002422494758
ocsvm,220,1.0,0.7202216066481995,0.9994002422494758
ocsvm,221,1.0,0.724233983286908,0.9994002422494758
ocsvm,222,1.0,0.7262569832402235,0.9994002422494758
ocsvm,223,1.0,0.7303370786516854,0.9994002422494758
ocsvm,224,1.0,0.7471264367816092,0.9994002422494758
ocsvm,225,1.0,0.7492795389048992,0.9994002422494758
ocsvm,226,1.0,0.7514450867052023,0.9994002422494758
ocsvm,227,1.0,0.7536231884057971,0.9994002422494758
ocsvm,228,1.0,0.7558139534883721,0.9994002422494758
ocsvm,229,1.0,0.7580174927113703,0.9994002422494758
ocsvm,230,1.0,0.7602339181286549,0.9994002422494758
ocsvm,231,1.0,0.7624633431085044,0.9994002422494758
ocsvm,232,1.0,0.7647058823529411,0.9994002422494758
ocsvm,233,1.0,0.771513353115727,0.9994002422494758
ocsvm,234,1.0,0.7738095238095238,0.9994002422494758
ocsvm,235,1.0,0.7831325301204819,0.9994002422494758
ocsvm,236,1.0,0.7854984894259819,0.9994002422494758
ocsvm,237,1.0,0.7878787878787878,0.9994002422494758
ocsvm,238,1.0,0.7926829268292683,0.9994002422494758
ocsvm,239,1.0,0.7975460122699386,0.9994002422494758
ocsvm,240,1.0,0.8024691358024691,0.9994002422494758
ocsvm,241,1.0,0.804953560371517,0.9994002422494758
ocsvm,242,1.0,0.8099688473520249,0.9994002422494758
ocsvm,243,1.0,0.8176100628930818,0.9994002422494758
ocsvm,244,1.0,0.8227848101265823,0.9994002422494758
ocsvm,245,1.0,0.8253968253968254,0.9994002422494758
ocsvm,246,1.0,0.8280254777070064,0.9994002422494758
ocsvm,247,1.0,0.8306709265175719,0.9994002422494758
ocsvm,248,1.0,0.8333333333333334,0.9994002422494758
ocsvm,249,1.0,0.8360128617363344,0.9994002422494758
ocsvm,250,1.0,0.8387096774193549,0.9994002422494758
ocsvm,251,1.0,0.8414239482200647,0.9994002422494758
ocsvm,252,1.0,0.8469055374592834,0.9994002422494758
ocsvm,253,1.0,0.8496732026143791,0.9994002422494758
ocsvm,254,1.0,0.8524590163934426,0.9994002422494758
ocsvm,255,1.0,0.8552631578947368,0.9994002422494758
ocsvm,256,1.0,0.858085808580858,0.9994002422494758
ocsvm,257,1.0,0.8609271523178808,0.9994002422494758
ocsvm,258,1.0,0.8637873754152824,0.9994002422494758
ocsvm,259,1.0,0.8695652173913043,0.9994002422494758
ocsvm,260,1.0,0.87248322147651,0.9994002422494758
ocsvm,261,1.0,0.8754208754208754,0.9994002422494758
ocsvm,262,1.0,0.8873720136518771,0.9994002422494758
ocsvm,263,1.0,0.8904109589041096,0.9994002422494758
ocsvm,264,1.0,0.8934707903780069,0.9994002422494758
ocsvm,265,1.0,0.896551724137931,0.9994002422494758
ocsvm,266,1.0,0.8996539792387543,0.9994002422494758
ocsvm,267,1.0,0.9027777777777778,0.9994002422494758
ocsvm,268,1.0,0.9059233449477352,0.9994002422494758
ocsvm,269,1.0,0.9090909090909091,0.9994002422494758
ocsvm,270,1.0,0.9122807017543859,0.9994002422494758
ocsvm,271,1.0,0.9154929577464789,0.9994002422494758
ocsvm,272,1.0,0.9187279151943463,0.9994002422494758
ocsvm,273,1.0,0.9219858156028369,0.9994002422494758
ocsvm,274,1.0,0.9252669039145908,0.9994002422494758
ocsvm,275,1.0,0.9285714285714286,0.9994002422494758
ocsvm,276,1.0,0.931899641577061,0.9994002422494758
ocsvm,277,1.0,0.935251798561151,0.9994002422494758
ocsvm,278,0.9961538461538462,0.9350180505415162,0.9994002422494758
ocsvm,279,0.9961538461538462,0.9384057971014492,0.9994002422494758
ocsvm,280,0.9961538461538462,0.9418181818181818,0.9994002422494758
ocsvm,281,0.9961538461538462,0.9452554744525548,0.9994002422494758
ocsvm,282,0.9961538461538462,0.9487179487179487,0.9994002422494758
ocsvm,283,0.9961538461538462,0.9522058823529411,0.9994002422494758
ocsvm,284,0.9961538461538462,0.955719557195572,0.9994002422494758
ocsvm,285,0.9961538461538462,0.9592592592592593,0.9994002422494758
ocsvm,286,0.9923076923076923,0.9591078066914498,0.9994002422494758
ocsvm,287,0.9923076923076923,0.9626865671641791,0.9994002422494758
ocsvm,288,0.9923076923076923,0.9699248120300752,0.9994002422494758
ocsvm,289,0.9923076923076923,0.9735849056603774,0.9994002422494758
ocsvm,290,0.9923076923076923,0.9772727272727273,0.9994002422494758
ocsvm,291,0.9923076923076923,0.9809885931558935,0.9994002422494758
ocsvm,292,0.9884615384615385,0.9809160305343512,0.9994002422494758
ocsvm,293,0.9884615384615385,0.9846743295019157,0.9994002422494758
ocsvm,294,0.9884615384615385,0.9884615384615385,0.9994002422494758
ocsvm,295,0.9846153846153847,0.9884169884169884,0.9994002422494758
ocsvm,296,0.9846153846153847,0.9922480620155039,0.9994002422494758
ocsvm,297,0.9846153846153847,0.9961089494163424,0.9994002422494758
ocsvm,298,0.9807692307692307,0.99609375,0.9994002422494758
ocsvm,299,0.9769230769230769,0.996078431372549,0.9994002422494758
ocsvm,300,0.9730769230769231,0.9960629921259843,0.9994002422494758
ocsvm,301,0.9692307692307692,0.9960474308300395,0.9994002422494758
ocsvm,302,0.9653846153846154,0.996031746031746,0.9994002422494758
ocsvm,303,0.9653846153846154,1.0,0.9994002422494758
ocsvm,304,0.9576923076923077,1.0,0.9994002422494758
ocsvm,305,0.9538461538461539,1.0,0.9994002422494758
ocsvm,306,0.95,1.0,0.9994002422494758
ocsvm,307,0.9461538461538461,1.0,0.9994002422494758
ocsvm,308,0.9384615384615385,1.0,0.9994002422494758
ocsvm,309,0.9307692307692308,1.0,0.9994002422494758
ocsvm,310,0.926923076923077,1.0,0.9994002422494758
ocsvm,311,0.9230769230769231,1.0,0.9994002422494758
ocsvm,312,0.9153846153846154,1.0,0.9994002422494758
ocsvm,313,0.9076923076923077,1.0,0.9994002422494758
ocsvm,314,0.9038461538461539,1.0,0.9994002422494758
ocsvm,315,0.8961538461538462,1.0,0.9994002422494758
ocsvm,316,0.8923076923076924,1.0,0.9994002422494758
ocsvm,317,0.8884615384615384,1.0,0.9994002422494758
ocsvm,318,0.8846153846153846,1.0,0.9994002422494758
ocsvm,319,0.8615384615384616,1.0,0.9994002422494758
ocsvm,320,0.8576923076923076,1.0,0.9994002422494758
ocsvm,321,0.8538461538461538,1.0,0.9994002422494758
ocsvm,322,0.8384615384615385,1.0,0.9994002422494758
ocsvm,323,0.8346153846153846,1.0,0.9994002422494758
ocsvm,324,0.823076923076923,1.0,0.9994002422494758
ocsvm,325,0.8153846153846154,1.0,0.9994002422494758
ocsvm,326,0.8038461538461539,1.0,0.9994002422494758
ocsvm,327,0.8,1.0,0.9994002422494758
ocsvm,328,0.7923076923076923,1.0,0.9994002422494758
ocsvm,329,0.7615384615384615,1.0,0.9994002422494758
ocsvm,330,0.75,1.0,0.9994002422494758
ocsvm,331,0.7461538461538462,1.0,0.9994002422494758
ocsvm,332,0.7,1.0,0.9994002422494758
ocsvm,333,0.6961538461538461,1.0,0.9994002422494758
ocsvm,334,0.6923076923076923,1.0,0.9994002422494758
ocsvm,335,0.6730769230769231,1.0,0.9994002422494758
ocsvm,336,0.65,1.0,0.9994002422494758
ocsvm,337,0.6423076923076924,1.0,0.9994002422494758
ocsvm,338,0.5769230769230769,1.0,0.9994002422494758
ocsvm,339,0.0,1.0,0.9994002422494758
